Workbook

Sheet Lapse_data
A1: 1st of Commencement month (DD/MM/YYYY) | B1: Lapses in Month 1 | C1: Lapses in Month 2 | D1: Lapses in Month 3 | E1: Lapses in Month 4 | F1: Lapses in Month 5 | G1: Lapses in Month 6 | H1: Lapses in Month 7 | I1: Lapses in Month 8 | J1: Lapses in Month 9 | K1: Lapses in Month 10 | L1: Lapses in Month 11 | M1: Lapses in Month 12 | N1: Lapses in Month 13 | O1: Lapses in Month 14 | P1: Lapses in Month 15 | Q1: Lapses in Month 16 | R1: Lapses in Month 17 | S1: Lapses in Month 18 | T1: Lapses in Month 19 | U1: Lapses in Month 20 | V1: Lapses in Month 21 | W1: Lapses in Month 22 | X1: Lapses in Month 23 | Y1: Lapses in Month 24 | Z1: Lapses in Month 25 | AA1: Lapses in Month 26 | AB1: Lapses in Month 27 | AC1: Lapses in Month 28 | AD1: Lapses in Month 29 | AE1: Lapses in Month 30 | AF1: Lapses in Month 31 | AG1: Lapses in Month 32 | AH1: Lapses in Month 33 | AI1: Lapses in Month 34 | AJ1: Lapses in Month 35 | AK1: Lapses in Month 36 | AL1: Lapses in Month 37 | AM1: Lapses in Month 38 | AN1: Lapses in Month 39 | AO1: Lapses in Month 40 | AP1: Lapses in Month 41 | AQ1: Lapses in Month 42 | AR1: Lapses in Month 43 | AS1: Lapses in Month 44 | AT1: Lapses in Month 45 | AU1: Lapses in Month 46 | AV1: Lapses in Month 47 | AW1: Lapses in Month 48 | AX1: Lapses in Month 49 | AY1: Lapses in Month 50 | AZ1: Lapses in Month 51 | BA1: Lapses in Month 52 | BB1: Lapses in Month 53 | BC1: Lapses in Month 54 | BD1: Lapses in Month 55 | BE1: Lapses in Month 56 | BF1: Lapses in Month 57 | BG1: Lapses in Month 58 | BH1: Lapses in Month 59 | BI1: Lapses in Month 60 | BJ1: Lapses in Month 61 | BK1: Lapses in Month 62 | BL1: Lapses in Month 63 | BM1: Lapses in Month 64 | BN1: Lapses in Month 65 | BO1: Lapses in Month 66 | BP1: Lapses in Month 67 | BQ1: Lapses in Month 68 | BR1: Lapses in Month 69 | BS1: Lapses in Month 70 | BT1: Lapses in Month 71 | BU1: Lapses in Month 72 | BV1: Lapses in Month 73 | BW1: Lapses in Month 74 | BX1: Lapses in Month 75 | BY1: Lapses in Month 76 | BZ1: Lapses in Month 77 | CA1: Lapses in Month 78 | CB1: Lapses in Month 79 | CC1: Lapses in Month 80 | CD1: Lapses in Month 81 | CE1: Lapses in Month 82 | CF1: Lapses in Month 83 | CG1: Lapses in Month 84 | CH1: Lapses in Month 85 | CI1: Lapses in Month 86 | CJ1: Lapses in Month 87 | CK1: Lapses in Month 88 | CL1: Lapses in Month 89 | CM1: Lapses in Month 90 | CN1: Lapses in Month 91 | CO1: Lapses in Month 92 | CP1: Lapses in Month 93 | CQ1: Lapses in Month 94 | CR1: Lapses in Month 95 | CS1: Lapses in Month 96 | CT1: Lapses in Month 97 | CU1: Lapses in Month 98 | CV1: Lapses in Month 99 | CW1: Lapses in Month 100 | CX1: Lapses in Month 101 | CY1: Lapses in Month 102 | CZ1: Lapses in Month 103 | DA1: Lapses in Month 104 | DB1: Lapses in Month 105 | DC1: Lapses in Month 106 | DD1: Lapses in Month 107 | DE1: Lapses in Month 108 | DF1: Lapses in Month 109 | DG1: Lapses in Month 110 | DH1: Lapses in Month 111 | DI1: Lapses in Month 112 | DJ1: Lapses in Month 113 | DK1: Lapses in Month 114 | DL1: Lapses in Month 115 | DM1: Lapses in Month 116 | DN1: Lapses in Month 117 | DO1: Lapses in Month 118 | DP1: Lapses in Month 119 | DQ1: Lapses in Month 120 | DR1: Year | DS1: Lapses_Y2
A2: 42005 | B2: 59 | C2: 98 | D2: 56 | E2: 79 | F2: 58 | G2: 34 | H2: 42 | I2: 32 | J2: 30 | K2: 30 | L2: 23 | M2: 16 | N2: 17 | O2: 15 | P2: 13 | Q2: 8 | R2: 17 | S2: 9 | T2: 16 | U2: 10 | V2: 15 | W2: 11 | X2: 11 | Y2: 11 | Z2: 8 | AA2: 6 | AB2: 8 | AC2: 11 | AD2: 8 | AE2: 4 | AF2: 4 | AG2: 7 | AH2: 6 | AI2: 4 | AJ2: 4 | AK2: 5 | AL2: 8 | AM2: 9 | AN2: 6 | AO2: 10 | AP2: 2 | AQ2: 10 | AR2: 4 | AS2: 5 | AT2: 6 | AU2: 6 | AV2: 6 | AW2: 2 | AX2: 4 | AY2: 7 | AZ2: 4 | BA2: 4 | BB2: 1 | BC2: 7 | BD2: 3 | BE2: 1 | BF2: 2 | BG2: 5 | BH2: 2 | BI2: 4 | BJ2: 2 | BK2: 4 | BL2: 3 | BM2: 1 | BN2: 2 | BO2: 2 | BP2: 4 | BQ2: 0 | BR2: 1 | BS2: 4 | BT2: 3 | BU2: 2 | BV2: 0 | BW2: 3 | BX2: 2 | BY2: 3 | BZ2: 7 | CA2: 2 | CB2: 2 | CC2: 3 | CD2: 3 | CE2: 0 | CF2: 2 | CG2: 0 | CH2: 1 | CI2: 0 | CJ2: 2 | CK2: 1 | CL2: 3 | CM2: 2 | CN2: 0 | CO2: 3 | CP2: 1 | CQ2: 3 | CR2: 1 | CS2: 1 | CT2: 0 | CU2: 2 | CV2: 1 | CW2: 1 | CX2: 0 | CY2: 1 | CZ2: 0 | DA2: 0 | DB2: 0 | DC2: 1 | DD2: 0 | DE2: 1 | DF2: 0 | DG2: 0 | DH2: 0 | DI2: 2 | DJ2: 1 | DK2: 2 | DL2: 0 | DM2: 3 | DN2: 0 | DO2: 0 | DP2: 0 | DQ2: 1 | DR2: =YEAR($A2) -> 2015 | DS2: =SUM(N2:Y2) -> 153
A3: =DATE(YEAR(A2),MONTH(A2)+1,DAY(A2)) -> 42036 | B3: 54 | C3: 105 | D3: 73 | E3: 71 | F3: 49 | G3: 51 | H3: 48 | I3: 34 | J3: 31 | K3: 27 | L3: 15 | M3: 23 | N3: 10 | O3: 24 | P3: 22 | Q3: 22 | R3: 14 | S3: 13 | T3: 18 | U3: 14 | V3: 15 | W3: 10 | X3: 12 | Y3: 15 | Z3: 14 | AA3: 10 | AB3: 8 | AC3: 11 | AD3: 8 | AE3: 9 | AF3: 10 | AG3: 11 | AH3: 5 | AI3: 6 | AJ3: 7 | AK3: 8 | AL3: 7 | AM3: 8 | AN3: 5 | AO3: 5 | AP3: 1 | AQ3: 3 | AR3: 5 | AS3: 7 | AT3: 5 | AU3: 3 | AV3: 4 | AW3: 6 | AX3: 7 | AY3: 1 | AZ3: 3 | BA3: 7 | BB3: 4 | BC3: 4 | BD3: 5 | BE3: 3 | BF3: 2 | BG3: 2 | BH3: 4 | BI3: 4 | BJ3: 1 | BK3: 2 | BL3: 1 | BM3: 4 | BN3: 1 | BO3: 5 | BP3: 1 | BQ3: 1 | BR3: 3 | BS3: 5 | BT3: 3 | BU3: 2 | BV3: 1 | BW3: 0 | BX3: 0 | BY3: 1 | BZ3: 2 | CA3: 2 | CB3: 1 | CC3: 1 | CD3: 3 | CE3: 0 | CF3: 1 | CG3: 1 | CH3: 3 | CI3: 0 | CJ3: 0 | CK3: 2 | CL3: 5 | CM3: 0 | CN3: 4 | CO3: 0 | CP3: 1 | CQ3: 0 | CR3: 1 | CS3: 2 | CT3: 0 | CU3: 2 | CV3: 1 | CW3: 1 | CX3: 4 | CY3: 1 | CZ3: 1 | DA3: 0 | DB3: 1 | DC3: 0 | DD3: 0 | DE3: 0 | DF3: 1 | DG3: 1 | DH3: 0 | DI3: 3 | DJ3: 2 | DK3: 2 | DL3: 1 | DM3: 0 | DN3: 2 | DO3: 0 | DP3: 0 | DR3: =YEAR($A3) -> 2015
A4: =DATE(YEAR(A3),MONTH(A3)+1,DAY(A3)) -> 42064 | B4: 48 | C4: 94 | D4: 60 | E4: 61 | F4: 43 | G4: 40 | H4: 35 | I4: 34 | J4: 23 | K4: 23 | L4: 16 | M4: 20 | N4: 35 | O4: 22 | P4: 19 | Q4: 15 | R4: 13 | S4: 11 | T4: 17 | U4: 17 | V4: 16 | W4: 10 | X4: 12 | Y4: 12 | Z4: 8 | AA4: 10 | AB4: 9 | AC4: 9 | AD4: 9 | AE4: 9 | AF4: 9 | AG4: 8 | AH4: 3 | AI4: 8 | AJ4: 7 | AK4: 9 | AL4: 2 | AM4: 7 | AN4: 11 | AO4: 4 | AP4: 6 | AQ4: 4 | AR4: 7 | AS4: 9 | AT4: 5 | AU4: 4 | AV4: 4 | AW4: 3 | AX4: 3 | AY4: 5 | AZ4: 3 | BA4: 2 | BB4: 4 | BC4: 2 | BD4: 1 | BE4: 2 | BF4: 1 | BG4: 5 | BH4: 2 | BI4: 7 | BJ4: 4 | BK4: 2 | BL4: 4 | BM4: 2 | BN4: 4 | BO4: 2 | BP4: 3 | BQ4: 2 | BR4: 2 | BS4: 2 | BT4: 2 | BU4: 5 | BV4: 0 | BW4: 4 | BX4: 1 | BY4: 2 | BZ4: 0 | CA4: 3 | CB4: 0 | CC4: 2 | CD4: 1 | CE4: 0 | CF4: 0 | CG4: 2 | CH4: 1 | CI4: 1 | CJ4: 2 | CK4: 2 | CL4: 2 | CM4: 1 | CN4: 0 | CO4: 1 | CP4: 0 | CQ4: 0 | CR4: 0 | CS4: 1 | CT4: 1 | CU4: 1 | CV4: 2 | CW4: 0 | CX4: 0 | CY4: 2 | CZ4: 0 | DA4: 0 | DB4: 0 | DC4: 3 | DD4: 0 | DE4: 3 | DF4: 3 | DG4: 0 | DH4: 0 | DI4: 0 | DJ4: 0 | DK4: 1 | DL4: 0 | DM4: 0 | DN4: 1 | DO4: 0 | DR4: =YEAR($A4) -> 2015
A5: =DATE(YEAR(A4),MONTH(A4)+1,DAY(A4)) -> 42095 | B5: 68 | C5: 90 | D5: 58 | E5: 63 | F5: 31 | G5: 61 | H5: 35 | I5: 34 | J5: 26 | K5: 21 | L5: 24 | M5: 25 | N5: 23 | O5: 22 | P5: 17 | Q5: 16 | R5: 13 | S5: 16 | T5: 13 | U5: 11 | V5: 15 | W5: 11 | X5: 6 | Y5: 11 | Z5: 13 | AA5: 12 | AB5: 8 | AC5: 4 | AD5: 10 | AE5: 6 | AF5: 9 | AG5: 6 | AH5: 5 | AI5: 3 | AJ5: 10 | AK5: 6 | AL5: 7 | AM5: 4 | AN5: 6 | AO5: 4 | AP5: 5 | AQ5: 7 | AR5: 5 | AS5: 3 | AT5: 3 | AU5: 5 | AV5: 7 | AW5: 4 | AX5: 4 | AY5: 5 | AZ5: 1 | BA5: 5 | BB5: 3 | BC5: 4 | BD5: 3 | BE5: 2 | BF5: 1 | BG5: 2 | BH5: 6 | BI5: 4 | BJ5: 2 | BK5: 2 | BL5: 2 | BM5: 1 | BN5: 3 | BO5: 6 | BP5: 5 | BQ5: 3 | BR5: 3 | BS5: 1 | BT5: 3 | BU5: 3 | BV5: 2 | BW5: 3 | BX5: 2 | BY5: 0 | BZ5: 0 | CA5: 5 | CB5: 3 | CC5: 1 | CD5: 3 | CE5: 1 | CF5: 1 | CG5: 3 | CH5: 3 | CI5: 3 | CJ5: 5 | CK5: 0 | CL5: 0 | CM5: 0 | CN5: 3 | CO5: 4 | CP5: 2 | CQ5: 1 | CR5: 2 | CS5: 3 | CT5: 2 | CU5: 1 | CV5: 2 | CW5: 1 | CX5: 2 | CY5: 1 | CZ5: 2 | DA5: 1 | DB5: 0 | DC5: 0 | DD5: 1 | DE5: 1 | DF5: 2 | DG5: 2 | DH5: 2 | DI5: 1 | DJ5: 0 | DK5: 0 | DL5: 0 | DM5: 0 | DN5: 0 | DR5: =YEAR($A5) -> 2015
A6: =DATE(YEAR(A5),MONTH(A5)+1,DAY(A5)) -> 42125 | B6: 54 | C6: 84 | D6: 68 | E6: 64 | F6: 50 | G6: 45 | H6: 25 | I6: 32 | J6: 30 | K6: 29 | L6: 29 | M6: 26 | N6: 16 | O6: 20 | P6: 18 | Q6: 18 | R6: 7 | S6: 17 | T6: 12 | U6: 17 | V6: 13 | W6: 15 | X6: 9 | Y6: 9 | Z6: 7 | AA6: 6 | AB6: 2 | AC6: 5 | AD6: 9 | AE6: 3 | AF6: 8 | AG6: 7 | AH6: 6 | AI6: 9 | AJ6: 8 | AK6: 6 | AL6: 7 | AM6: 5 | AN6: 2 | AO6: 4 | AP6: 7 | AQ6: 5 | AR6: 7 | AS6: 4 | AT6: 4 | AU6: 4 | AV6: 2 | AW6: 5 | AX6: 2 | AY6: 2 | AZ6: 5 | BA6: 2 | BB6: 5 | BC6: 3 | BD6: 1 | BE6: 1 | BF6: 1 | BG6: 5 | BH6: 4 | BI6: 3 | BJ6: 4 | BK6: 2 | BL6: 0 | BM6: 2 | BN6: 1 | BO6: 2 | BP6: 6 | BQ6: 2 | BR6: 2 | BS6: 0 | BT6: 3 | BU6: 3 | BV6: 2 | BW6: 1 | BX6: 2 | BY6: 2 | BZ6: 1 | CA6: 0 | CB6: 3 | CC6: 3 | CD6: 1 | CE6: 2 | CF6: 4 | CG6: 1 | CH6: 1 | CI6: 1 | CJ6: 0 | CK6: 3 | CL6: 1 | CM6: 2 | CN6: 1 | CO6: 0 | CP6: 3 | CQ6: 0 | CR6: 1 | CS6: 0 | CT6: 0 | CU6: 1 | CV6: 1 | CW6: 0 | CX6: 1 | CY6: 0 | CZ6: 3 | DA6: 0 | DB6: 1 | DC6: 0 | DD6: 4 | DE6: 0 | DF6: 1 | DG6: 3 | DH6: 0 | DI6: 1 | DJ6: 1 | DK6: 1 | DL6: 0 | DM6: 0 | DR6: =YEAR($A6) -> 2015
A7: =DATE(YEAR(A6),MONTH(A6)+1,DAY(A6)) -> 42156 | B7: 47 | C7: 97 | D7: 44 | E7: 55 | F7: 37 | G7: 22 | H7: 36 | I7: 22 | J7: 27 | K7: 20 | L7: 22 | M7: 19 | N7: 11 | O7: 18 | P7: 19 | Q7: 13 | R7: 13 | S7: 14 | T7: 14 | U7: 6 | V7: 10 | W7: 10 | X7: 13 | Y7: 12 | Z7: 8 | AA7: 10 | AB7: 7 | AC7: 4 | AD7: 11 | AE7: 8 | AF7: 7 | AG7: 5 | AH7: 2 | AI7: 3 | AJ7: 1 | AK7: 3 | AL7: 9 | AM7: 0 | AN7: 9 | AO7: 3 | AP7: 9 | AQ7: 2 | AR7: 3 | AS7: 4 | AT7: 3 | AU7: 0 | AV7: 2 | AW7: 2 | AX7: 0 | AY7: 7 | AZ7: 1 | BA7: 3 | BB7: 4 | BC7: 2 | BD7: 3 | BE7: 1 | BF7: 1 | BG7: 2 | BH7: 3 | BI7: 1 | BJ7: 1 | BK7: 3 | BL7: 2 | BM7: 0 | BN7: 0 | BO7: 1 | BP7: 2 | BQ7: 2 | BR7: 5 | BS7: 2 | BT7: 2 | BU7: 3 | BV7: 2 | BW7: 2 | BX7: 1 | BY7: 0 | BZ7: 1 | CA7: 1 | CB7: 3 | CC7: 2 | CD7: 0 | CE7: 2 | CF7: 3 | CG7: 3 | CH7: 1 | CI7: 2 | CJ7: 0 | CK7: 2 | CL7: 0 | CM7: 1 | CN7: 2 | CO7: 1 | CP7: 0 | CQ7: 1 | CR7: 0 | CS7: 4 | CT7: 0 | CU7: 2 | CV7: 0 | CW7: 1 | CX7: 2 | CY7: 0 | CZ7: 1 | DA7: 0 | DB7: 0 | DC7: 0 | DD7: 2 | DE7: 1 | DF7: 1 | DG7: 3 | DH7: 3 | DI7: 1 | DJ7: 1 | DK7: 0 | DL7: 2 | DR7: =YEAR($A7) -> 2015
A8: =DATE(YEAR(A7),MONTH(A7)+1,DAY(A7)) -> 42186 | B8: 28 | C8: 41 | D8: 28 | E8: 41 | F8: 37 | G8: 47 | H8: 22 | I8: 20 | J8: 26 | K8: 20 | L8: 17 | M8: 13 | N8: 18 | O8: 21 | P8: 15 | Q8: 19 | R8: 16 | S8: 12 | T8: 12 | U8: 7 | V8: 7 | W8: 8 | X8: 4 | Y8: 6 | Z8: 2 | AA8: 9 | AB8: 10 | AC8: 11 | AD8: 5 | AE8: 6 | AF8: 6 | AG8: 7 | AH8: 4 | AI8: 4 | AJ8: 9 | AK8: 10 | AL8: 8 | AM8: 3 | AN8: 6 | AO8: 4 | AP8: 2 | AQ8: 5 | AR8: 5 | AS8: 1 | AT8: 1 | AU8: 2 | AV8: 7 | AW8: 5 | AX8: 1 | AY8: 5 | AZ8: 3 | BA8: 2 | BB8: 3 | BC8: 4 | BD8: 2 | BE8: 5 | BF8: 2 | BG8: 4 | BH8: 0 | BI8: 2 | BJ8: 3 | BK8: 5 | BL8: 0 | BM8: 5 | BN8: 2 | BO8: 4 | BP8: 0 | BQ8: 0 | BR8: 1 | BS8: 0 | BT8: 3 | BU8: 0 | BV8: 0 | BW8: 2 | BX8: 5 | BY8: 0 | BZ8: 1 | CA8: 2 | CB8: 3 | CC8: 0 | CD8: 1 | CE8: 1 | CF8: 3 | CG8: 2 | CH8: 1 | CI8: 0 | CJ8: 0 | CK8: 0 | CL8: 1 | CM8: 1 | CN8: 1 | CO8: 4 | CP8: 0 | CQ8: 0 | CR8: 0 | CS8: 2 | CT8: 1 | CU8: 0 | CV8: 1 | CW8: 2 | CX8: 0 | CY8: 1 | CZ8: 1 | DA8: 0 | DB8: 0 | DC8: 1 | DD8: 1 | DE8: 1 | DF8: 0 | DG8: 3 | DH8: 1 | DI8: 0 | DJ8: 1 | DK8: 0 | DR8: =YEAR($A8) -> 2015
A9: =DATE(YEAR(A8),MONTH(A8)+1,DAY(A8)) -> 42217 | B9: 33 | C9: 57 | D9: 39 | E9: 48 | F9: 35 | G9: 30 | H9: 29 | I9: 28 | J9: 28 | K9: 14 | L9: 18 | M9: 14 | N9: 11 | O9: 22 | P9: 20 | Q9: 15 | R9: 8 | S9: 12 | T9: 7 | U9: 5 | V9: 4 | W9: 6 | X9: 8 | Y9: 5 | Z9: 3 | AA9: 7 | AB9: 4 | AC9: 5 | AD9: 11 | AE9: 6 | AF9: 5 | AG9: 8 | AH9: 2 | AI9: 3 | AJ9: 3 | AK9: 8 | AL9: 1 | AM9: 4 | AN9: 2 | AO9: 4 | AP9: 1 | AQ9: 1 | AR9: 5 | AS9: 1 | AT9: 9 | AU9: 2 | AV9: 5 | AW9: 5 | AX9: 1 | AY9: 4 | AZ9: 0 | BA9: 2 | BB9: 4 | BC9: 1 | BD9: 2 | BE9: 6 | BF9: 3 | BG9: 1 | BH9: 1 | BI9: 1 | BJ9: 2 | BK9: 3 | BL9: 2 | BM9: 1 | BN9: 3 | BO9: 3 | BP9: 1 | BQ9: 2 | BR9: 0 | BS9: 1 | BT9: 0 | BU9: 5 | BV9: 1 | BW9: 1 | BX9: 0 | BY9: 2 | BZ9: 1 | CA9: 0 | CB9: 1 | CC9: 1 | CD9: 1 | CE9: 2 | CF9: 2 | CG9: 3 | CH9: 1 | CI9: 0 | CJ9: 1 | CK9: 1 | CL9: 0 | CM9: 1 | CN9: 0 | CO9: 1 | CP9: 2 | CQ9: 1 | CR9: 0 | CS9: 1 | CT9: 1 | CU9: 1 | CV9: 1 | CW9: 1 | CX9: 0 | CY9: 0 | CZ9: 0 | DA9: 1 | DB9: 1 | DC9: 2 | DD9: 2 | DE9: 1 | DF9: 3 | DG9: 0 | DH9: 0 | DI9: 0 | DJ9: 0 | DR9: =YEAR($A9) -> 2015
A10: =DATE(YEAR(A9),MONTH(A9)+1,DAY(A9)) -> 42248 | B10: 40 | C10: 73 | D10: 37 | E10: 45 | F10: 38 | G10: 39 | H10: 20 | I10: 25 | J10: 31 | K10: 20 | L10: 13 | M10: 13 | N10: 17 | O10: 12 | P10: 12 | Q10: 11 | R10: 17 | S10: 9 | T10: 7 | U10: 9 | V10: 8 | W10: 6 | X10: 5 | Y10: 10 | Z10: 9 | AA10: 7 | AB10: 6 | AC10: 7 | AD10: 4 | AE10: 3 | AF10: 8 | AG10: 5 | AH10: 6 | AI10: 6 | AJ10: 3 | AK10: 3 | AL10: 3 | AM10: 4 | AN10: 3 | AO10: 1 | AP10: 6 | AQ10: 5 | AR10: 3 | AS10: 5 | AT10: 3 | AU10: 3 | AV10: 5 | AW10: 2 | AX10: 5 | AY10: 0 | AZ10: 3 | BA10: 1 | BB10: 4 | BC10: 1 | BD10: 1 | BE10: 1 | BF10: 3 | BG10: 4 | BH10: 4 | BI10: 1 | BJ10: 1 | BK10: 0 | BL10: 2 | BM10: 1 | BN10: 1 | BO10: 1 | BP10: 5 | BQ10: 2 | BR10: 2 | BS10: 1 | BT10: 0 | BU10: 0 | BV10: 2 | BW10: 1 | BX10: 0 | BY10: 3 | BZ10: 2 | CA10: 2 | CB10: 2 | CC10: 2 | CD10: 1 | CE10: 2 | CF10: 0 | CG10: 0 | CH10: 1 | CI10: 1 | CJ10: 1 | CK10: 1 | CL10: 2 | CM10: 0 | CN10: 2 | CO10: 1 | CP10: 2 | CQ10: 0 | CR10: 1 | CS10: 2 | CT10: 2 | CU10: 1 | CV10: 0 | CW10: 0 | CX10: 1 | CY10: 0 | CZ10: 0 | DA10: 1 | DB10: 2 | DC10: 0 | DD10: 1 | DE10: 0 | DF10: 1 | DG10: 1 | DH10: 0 | DI10: 1 | DR10: =YEAR($A10) -> 2015
A11: =DATE(YEAR(A10),MONTH(A10)+1,DAY(A10)) -> 42278 | B11: 60 | C11: 98 | D11: 50 | E11: 69 | F11: 55 | G11: 44 | H11: 40 | I11: 33 | J11: 33 | K11: 30 | L11: 23 | M11: 24 | N11: 28 | O11: 20 | P11: 15 | Q11: 22 | R11: 16 | S11: 12 | T11: 10 | U11: 9 | V11: 13 | W11: 13 | X11: 5 | Y11: 7 | Z11: 7 | AA11: 5 | AB11: 10 | AC11: 13 | AD11: 7 | AE11: 9 | AF11: 4 | AG11: 5 | AH11: 7 | AI11: 7 | AJ11: 8 | AK11: 2 | AL11: 5 | AM11: 6 | AN11: 6 | AO11: 6 | AP11: 1 | AQ11: 2 | AR11: 5 | AS11: 2 | AT11: 1 | AU11: 4 | AV11: 1 | AW11: 3 | AX11: 7 | AY11: 6 | AZ11: 4 | BA11: 1 | BB11: 4 | BC11: 6 | BD11: 2 | BE11: 4 | BF11: 4 | BG11: 4 | BH11: 0 | BI11: 3 | BJ11: 2 | BK11: 3 | BL11: 5 | BM11: 2 | BN11: 2 | BO11: 2 | BP11: 3 | BQ11: 0 | BR11: 2 | BS11: 2 | BT11: 3 | BU11: 2 | BV11: 1 | BW11: 5 | BX11: 2 | BY11: 2 | BZ11: 2 | CA11: 0 | CB11: 1 | CC11: 3 | CD11: 1 | CE11: 1 | CF11: 0 | CG11: 1 | CH11: 1 | CI11: 0 | CJ11: 0 | CK11: 1 | CL11: 1 | CM11: 0 | CN11: 1 | CO11: 0 | CP11: 3 | CQ11: 1 | CR11: 1 | CS11: 1 | CT11: 0 | CU11: 0 | CV11: 0 | CW11: 2 | CX11: 0 | CY11: 1 | CZ11: 2 | DA11: 1 | DB11: 1 | DC11: 1 | DD11: 0 | DE11: 1 | DF11: 3 | DG11: 1 | DH11: 0 | DR11: =YEAR($A11) -> 2015
A12: =DATE(YEAR(A11),MONTH(A11)+1,DAY(A11)) -> 42309 | B12: 45 | C12: 107 | D12: 62 | E12: 61 | F12: 44 | G12: 33 | H12: 36 | I12: 31 | J12: 29 | K12: 10 | L12: 9 | M12: 25 | N12: 14 | O12: 20 | P12: 19 | Q12: 21 | R12: 15 | S12: 11 | T12: 14 | U12: 11 | V12: 5 | W12: 12 | X12: 12 | Y12: 8 | Z12: 6 | AA12: 11 | AB12: 4 | AC12: 13 | AD12: 7 | AE12: 4 | AF12: 2 | AG12: 6 | AH12: 4 | AI12: 5 | AJ12: 6 | AK12: 2 | AL12: 9 | AM12: 6 | AN12: 7 | AO12: 2 | AP12: 1 | AQ12: 4 | AR12: 4 | AS12: 6 | AT12: 2 | AU12: 7 | AV12: 5 | AW12: 7 | AX12: 3 | AY12: 1 | AZ12: 4 | BA12: 2 | BB12: 4 | BC12: 1 | BD12: 2 | BE12: 1 | BF12: 3 | BG12: 5 | BH12: 1 | BI12: 2 | BJ12: 3 | BK12: 2 | BL12: 1 | BM12: 3 | BN12: 0 | BO12: 2 | BP12: 3 | BQ12: 3 | BR12: 1 | BS12: 1 | BT12: 0 | BU12: 2 | BV12: 2 | BW12: 1 | BX12: 0 | BY12: 0 | BZ12: 2 | CA12: 1 | CB12: 1 | CC12: 3 | CD12: 3 | CE12: 1 | CF12: 1 | CG12: 1 | CH12: 2 | CI12: 1 | CJ12: 0 | CK12: 2 | CL12: 2 | CM12: 3 | CN12: 0 | CO12: 1 | CP12: 0 | CQ12: 0 | CR12: 1 | CS12: 2 | CT12: 2 | CU12: 1 | CV12: 2 | CW12: 2 | CX12: 1 | CY12: 0 | CZ12: 2 | DA12: 0 | DB12: 1 | DC12: 2 | DD12: 2 | DE12: 0 | DF12: 0 | DG12: 0 | DR12: =YEAR($A12) -> 2015
A13: =DATE(YEAR(A12),MONTH(A12)+1,DAY(A12)) -> 42339 | B13: 60 | C13: 78 | D13: 57 | E13: 55 | F13: 56 | G13: 32 | H13: 27 | I13: 30 | J13: 22 | K13: 28 | L13: 22 | M13: 20 | N13: 29 | O13: 20 | P13: 13 | Q13: 13 | R13: 14 | S13: 6 | T13: 5 | U13: 8 | V13: 8 | W13: 9 | X13: 7 | Y13: 8 | Z13: 6 | AA13: 7 | AB13: 4 | AC13: 4 | AD13: 10 | AE13: 3 | AF13: 9 | AG13: 3 | AH13: 7 | AI13: 8 | AJ13: 6 | AK13: 2 | AL13: 3 | AM13: 6 | AN13: 6 | AO13: 3 | AP13: 1 | AQ13: 3 | AR13: 3 | AS13: 2 | AT13: 2 | AU13: 5 | AV13: 2 | AW13: 6 | AX13: 4 | AY13: 2 | AZ13: 4 | BA13: 2 | BB13: 7 | BC13: 1 | BD13: 0 | BE13: 5 | BF13: 3 | BG13: 1 | BH13: 0 | BI13: 1 | BJ13: 0 | BK13: 0 | BL13: 5 | BM13: 0 | BN13: 4 | BO13: 0 | BP13: 2 | BQ13: 0 | BR13: 0 | BS13: 3 | BT13: 3 | BU13: 1 | BV13: 1 | BW13: 0 | BX13: 2 | BY13: 5 | BZ13: 1 | CA13: 0 | CB13: 3 | CC13: 1 | CD13: 0 | CE13: 1 | CF13: 1 | CG13: 2 | CH13: 0 | CI13: 2 | CJ13: 2 | CK13: 1 | CL13: 0 | CM13: 0 | CN13: 2 | CO13: 0 | CP13: 0 | CQ13: 2 | CR13: 2 | CS13: 0 | CT13: 2 | CU13: 2 | CV13: 0 | CW13: 0 | CX13: 5 | CY13: 0 | CZ13: 0 | DA13: 0 | DB13: 1 | DC13: 0 | DD13: 0 | DE13: 2 | DF13: 0 | DR13: =YEAR($A13) -> 2015
A14: =DATE(YEAR(A13),MONTH(A13)+1,DAY(A13)) -> 42370 | B14: 55 | C14: 67 | D14: 81 | E14: 58 | F14: 53 | G14: 34 | H14: 41 | I14: 27 | J14: 27 | K14: 16 | L14: 22 | M14: 24 | N14: 15 | O14: 12 | P14: 12 | Q14: 7 | R14: 8 | S14: 5 | T14: 12 | U14: 11 | V14: 13 | W14: 10 | X14: 8 | Y14: 8 | Z14: 6 | AA14: 6 | AB14: 5 | AC14: 7 | AD14: 11 | AE14: 8 | AF14: 9 | AG14: 7 | AH14: 5 | AI14: 4 | AJ14: 4 | AK14: 3 | AL14: 10 | AM14: 3 | AN14: 4 | AO14: 5 | AP14: 3 | AQ14: 3 | AR14: 2 | AS14: 3 | AT14: 3 | AU14: 1 | AV14: 4 | AW14: 4 | AX14: 5 | AY14: 2 | AZ14: 8 | BA14: 4 | BB14: 3 | BC14: 5 | BD14: 4 | BE14: 3 | BF14: 1 | BG14: 1 | BH14: 5 | BI14: 2 | BJ14: 0 | BK14: 2 | BL14: 2 | BM14: 0 | BN14: 2 | BO14: 1 | BP14: 0 | BQ14: 1 | BR14: 2 | BS14: 0 | BT14: 2 | BU14: 2 | BV14: 1 | BW14: 1 | BX14: 1 | BY14: 5 | BZ14: 1 | CA14: 0 | CB14: 2 | CC14: 0 | CD14: 1 | CE14: 1 | CF14: 1 | CG14: 1 | CH14: 1 | CI14: 0 | CJ14: 1 | CK14: 1 | CL14: 0 | CM14: 3 | CN14: 3 | CO14: 1 | CP14: 1 | CQ14: 1 | CR14: 1 | CS14: 2 | CT14: 3 | CU14: 2 | CV14: 0 | CW14: 0 | CX14: 1 | CY14: 1 | CZ14: 0 | DA14: 1 | DB14: 1 | DC14: 0 | DD14: 1 | DE14: 1 | DR14: =YEAR($A14) -> 2016
A15: =DATE(YEAR(A14),MONTH(A14)+1,DAY(A14)) -> 42401 | B15: 48 | C15: 85 | D15: 75 | E15: 76 | F15: 53 | G15: 57 | H15: 28 | I15: 36 | J15: 29 | K15: 25 | L15: 32 | M15: 18 | N15: 21 | O15: 20 | P15: 10 | Q15: 16 | R15: 8 | S15: 10 | T15: 13 | U15: 12 | V15: 13 | W15: 11 | X15: 11 | Y15: 9 | Z15: 9 | AA15: 4 | AB15: 10 | AC15: 11 | AD15: 6 | AE15: 5 | AF15: 8 | AG15: 11 | AH15: 6 | AI15: 2 | AJ15: 6 | AK15: 5 | AL15: 6 | AM15: 7 | AN15: 2 | AO15: 2 | AP15: 4 | AQ15: 7 | AR15: 1 | AS15: 6 | AT15: 3 | AU15: 4 | AV15: 4 | AW15: 3 | AX15: 3 | AY15: 4 | AZ15: 3 | BA15: 2 | BB15: 5 | BC15: 1 | BD15: 4 | BE15: 0 | BF15: 5 | BG15: 4 | BH15: 4 | BI15: 4 | BJ15: 1 | BK15: 1 | BL15: 3 | BM15: 1 | BN15: 2 | BO15: 5 | BP15: 0 | BQ15: 2 | BR15: 4 | BS15: 3 | BT15: 1 | BU15: 3 | BV15: 0 | BW15: 2 | BX15: 1 | BY15: 3 | BZ15: 4 | CA15: 1 | CB15: 2 | CC15: 1 | CD15: 1 | CE15: 3 | CF15: 1 | CG15: 0 | CH15: 0 | CI15: 0 | CJ15: 2 | CK15: 0 | CL15: 2 | CM15: 0 | CN15: 0 | CO15: 1 | CP15: 1 | CQ15: 1 | CR15: 0 | CS15: 2 | CT15: 3 | CU15: 1 | CV15: 0 | CW15: 1 | CX15: 1 | CY15: 3 | CZ15: 0 | DA15: 0 | DB15: 0 | DC15: 0 | DD15: 0 | DR15: =YEAR($A15) -> 2016
A16: =DATE(YEAR(A15),MONTH(A15)+1,DAY(A15)) -> 42430 | B16: 61 | C16: 96 | D16: 63 | E16: 64 | F16: 49 | G16: 50 | H16: 44 | I16: 21 | J16: 24 | K16: 31 | L16: 27 | M16: 17 | N16: 22 | O16: 20 | P16: 16 | Q16: 14 | R16: 14 | S16: 12 | T16: 8 | U16: 15 | V16: 10 | W16: 9 | X16: 16 | Y16: 13 | Z16: 11 | AA16: 7 | AB16: 2 | AC16: 9 | AD16: 8 | AE16: 8 | AF16: 5 | AG16: 10 | AH16: 5 | AI16: 8 | AJ16: 4 | AK16: 3 | AL16: 11 | AM16: 4 | AN16: 5 | AO16: 7 | AP16: 8 | AQ16: 1 | AR16: 1 | AS16: 3 | AT16: 1 | AU16: 4 | AV16: 2 | AW16: 3 | AX16: 2 | AY16: 2 | AZ16: 3 | BA16: 5 | BB16: 2 | BC16: 2 | BD16: 4 | BE16: 4 | BF16: 0 | BG16: 2 | BH16: 2 | BI16: 3 | BJ16: 1 | BK16: 1 | BL16: 1 | BM16: 1 | BN16: 1 | BO16: 2 | BP16: 2 | BQ16: 3 | BR16: 2 | BS16: 3 | BT16: 0 | BU16: 4 | BV16: 1 | BW16: 2 | BX16: 3 | BY16: 0 | BZ16: 2 | CA16: 0 | CB16: 0 | CC16: 1 | CD16: 2 | CE16: 1 | CF16: 1 | CG16: 0 | CH16: 0 | CI16: 1 | CJ16: 3 | CK16: 1 | CL16: 1 | CM16: 0 | CN16: 1 | CO16: 2 | CP16: 3 | CQ16: 0 | CR16: 0 | CS16: 3 | CT16: 0 | CU16: 1 | CV16: 3 | CW16: 0 | CX16: 1 | CY16: 0 | CZ16: 2 | DA16: 0 | DB16: 0 | DC16: 0 | DR16: =YEAR($A16) -> 2016
A17: =DATE(YEAR(A16),MONTH(A16)+1,DAY(A16)) -> 42461 | B17: 73 | C17: 106 | D17: 68 | E17: 78 | F17: 49 | G17: 37 | H17: 44 | I17: 41 | J17: 24 | K17: 26 | L17: 26 | M17: 29 | N17: 19 | O17: 19 | P17: 7 | Q17: 13 | R17: 13 | S17: 17 | T17: 15 | U17: 12 | V17: 11 | W17: 7 | X17: 7 | Y17: 15 | Z17: 13 | AA17: 8 | AB17: 7 | AC17: 5 | AD17: 6 | AE17: 7 | AF17: 10 | AG17: 6 | AH17: 5 | AI17: 5 | AJ17: 1 | AK17: 5 | AL17: 4 | AM17: 7 | AN17: 7 | AO17: 3 | AP17: 4 | AQ17: 6 | AR17: 5 | AS17: 6 | AT17: 0 | AU17: 5 | AV17: 6 | AW17: 6 | AX17: 7 | AY17: 4 | AZ17: 2 | BA17: 5 | BB17: 4 | BC17: 2 | BD17: 2 | BE17: 4 | BF17: 1 | BG17: 0 | BH17: 1 | BI17: 4 | BJ17: 2 | BK17: 3 | BL17: 3 | BM17: 2 | BN17: 5 | BO17: 0 | BP17: 2 | BQ17: 2 | BR17: 2 | BS17: 3 | BT17: 1 | BU17: 5 | BV17: 5 | BW17: 3 | BX17: 0 | BY17: 2 | BZ17: 1 | CA17: 1 | CB17: 2 | CC17: 2 | CD17: 1 | CE17: 0 | CF17: 3 | CG17: 3 | CH17: 1 | CI17: 2 | CJ17: 2 | CK17: 5 | CL17: 3 | CM17: 0 | CN17: 1 | CO17: 0 | CP17: 1 | CQ17: 0 | CR17: 2 | CS17: 0 | CT17: 0 | CU17: 1 | CV17: 2 | CW17: 3 | CX17: 3 | CY17: 2 | CZ17: 0 | DA17: 0 | DB17: 0 | DR17: =YEAR($A17) -> 2016
A18: =DATE(YEAR(A17),MONTH(A17)+1,DAY(A17)) -> 42491 | B18: 55 | C18: 64 | D18: 44 | E18: 46 | F18: 33 | G18: 36 | H18: 40 | I18: 24 | J18: 23 | K18: 23 | L18: 19 | M18: 21 | N18: 12 | O18: 11 | P18: 13 | Q18: 9 | R18: 8 | S18: 8 | T18: 15 | U18: 9 | V18: 7 | W18: 6 | X18: 13 | Y18: 5 | Z18: 6 | AA18: 7 | AB18: 6 | AC18: 4 | AD18: 2 | AE18: 2 | AF18: 5 | AG18: 3 | AH18: 6 | AI18: 2 | AJ18: 4 | AK18: 4 | AL18: 7 | AM18: 9 | AN18: 7 | AO18: 4 | AP18: 6 | AQ18: 2 | AR18: 1 | AS18: 2 | AT18: 5 | AU18: 2 | AV18: 4 | AW18: 4 | AX18: 2 | AY18: 7 | AZ18: 2 | BA18: 3 | BB18: 2 | BC18: 1 | BD18: 4 | BE18: 2 | BF18: 2 | BG18: 2 | BH18: 2 | BI18: 3 | BJ18: 1 | BK18: 0 | BL18: 4 | BM18: 3 | BN18: 2 | BO18: 1 | BP18: 0 | BQ18: 4 | BR18: 2 | BS18: 0 | BT18: 2 | BU18: 3 | BV18: 2 | BW18: 3 | BX18: 1 | BY18: 1 | BZ18: 0 | CA18: 2 | CB18: 3 | CC18: 0 | CD18: 0 | CE18: 1 | CF18: 0 | CG18: 3 | CH18: 1 | CI18: 3 | CJ18: 1 | CK18: 1 | CL18: 1 | CM18: 0 | CN18: 2 | CO18: 0 | CP18: 0 | CQ18: 0 | CR18: 0 | CS18: 0 | CT18: 0 | CU18: 1 | CV18: 2 | CW18: 3 | CX18: 0 | CY18: 0 | CZ18: 0 | DA18: 0 | DR18: =YEAR($A18) -> 2016
A19: =DATE(YEAR(A18),MONTH(A18)+1,DAY(A18)) -> 42522 | B19: 49 | C19: 103 | D19: 48 | E19: 54 | F19: 31 | G19: 18 | H19: 30 | I19: 22 | J19: 16 | K19: 20 | L19: 13 | M19: 13 | N19: 10 | O19: 18 | P19: 6 | Q19: 7 | R19: 12 | S19: 10 | T19: 7 | U19: 3 | V19: 6 | W19: 7 | X19: 4 | Y19: 3 | Z19: 2 | AA19: 6 | AB19: 7 | AC19: 8 | AD19: 3 | AE19: 3 | AF19: 4 | AG19: 2 | AH19: 1 | AI19: 6 | AJ19: 4 | AK19: 5 | AL19: 3 | AM19: 2 | AN19: 1 | AO19: 6 | AP19: 4 | AQ19: 5 | AR19: 4 | AS19: 2 | AT19: 2 | AU19: 4 | AV19: 1 | AW19: 0 | AX19: 0 | AY19: 2 | AZ19: 2 | BA19: 0 | BB19: 4 | BC19: 6 | BD19: 3 | BE19: 2 | BF19: 2 | BG19: 1 | BH19: 5 | BI19: 2 | BJ19: 2 | BK19: 0 | BL19: 0 | BM19: 1 | BN19: 0 | BO19: 2 | BP19: 1 | BQ19: 2 | BR19: 2 | BS19: 4 | BT19: 2 | BU19: 2 | BV19: 1 | BW19: 0 | BX19: 4 | BY19: 1 | BZ19: 1 | CA19: 2 | CB19: 2 | CC19: 0 | CD19: 1 | CE19: 3 | CF19: 0 | CG19: 2 | CH19: 2 | CI19: 0 | CJ19: 2 | CK19: 1 | CL19: 0 | CM19: 0 | CN19: 1 | CO19: 1 | CP19: 0 | CQ19: 0 | CR19: 0 | CS19: 0 | CT19: 2 | CU19: 0 | CV19: 0 | CW19: 2 | CX19: 0 | CY19: 0 | CZ19: 1 | DR19: =YEAR($A19) -> 2016
A20: =DATE(YEAR(A19),MONTH(A19)+1,DAY(A19)) -> 42552 | B20: 60 | C20: 85 | D20: 58 | E20: 52 | F20: 32 | G20: 38 | H20: 33 | I20: 34 | J20: 13 | K20: 21 | L20: 20 | M20: 20 | N20: 7 | O20: 13 | P20: 15 | Q20: 11 | R20: 12 | S20: 13 | T20: 9 | U20: 8 | V20: 6 | W20: 8 | X20: 4 | Y20: 5 | Z20: 8 | AA20: 6 | AB20: 8 | AC20: 2 | AD20: 5 | AE20: 9 | AF20: 6 | AG20: 2 | AH20: 7 | AI20: 1 | AJ20: 4 | AK20: 9 | AL20: 5 | AM20: 3 | AN20: 2 | AO20: 6 | AP20: 2 | AQ20: 4 | AR20: 2 | AS20: 0 | AT20: 5 | AU20: 4 | AV20: 2 | AW20: 3 | AX20: 2 | AY20: 3 | AZ20: 2 | BA20: 3 | BB20: 3 | BC20: 3 | BD20: 2 | BE20: 1 | BF20: 1 | BG20: 1 | BH20: 2 | BI20: 0 | BJ20: 1 | BK20: 2 | BL20: 0 | BM20: 1 | BN20: 1 | BO20: 0 | BP20: 1 | BQ20: 2 | BR20: 2 | BS20: 0 | BT20: 5 | BU20: 4 | BV20: 2 | BW20: 0 | BX20: 1 | BY20: 1 | BZ20: 1 | CA20: 2 | CB20: 1 | CC20: 0 | CD20: 1 | CE20: 2 | CF20: 2 | CG20: 0 | CH20: 1 | CI20: 1 | CJ20: 1 | CK20: 1 | CL20: 0 | CM20: 3 | CN20: 1 | CO20: 0 | CP20: 2 | CQ20: 0 | CR20: 0 | CS20: 0 | CT20: 2 | CU20: 1 | CV20: 2 | CW20: 1 | CX20: 0 | CY20: 0 | DR20: =YEAR($A20) -> 2016
A21: =DATE(YEAR(A20),MONTH(A20)+1,DAY(A20)) -> 42583 | B21: 35 | C21: 58 | D21: 38 | E21: 35 | F21: 29 | G21: 35 | H21: 24 | I21: 18 | J21: 17 | K21: 16 | L21: 6 | M21: 11 | N21: 12 | O21: 5 | P21: 4 | Q21: 8 | R21: 2 | S21: 8 | T21: 9 | U21: 8 | V21: 2 | W21: 4 | X21: 6 | Y21: 4 | Z21: 6 | AA21: 5 | AB21: 8 | AC21: 3 | AD21: 6 | AE21: 2 | AF21: 3 | AG21: 4 | AH21: 1 | AI21: 3 | AJ21: 5 | AK21: 7 | AL21: 2 | AM21: 3 | AN21: 3 | AO21: 1 | AP21: 3 | AQ21: 1 | AR21: 0 | AS21: 2 | AT21: 1 | AU21: 2 | AV21: 1 | AW21: 2 | AX21: 3 | AY21: 2 | AZ21: 2 | BA21: 2 | BB21: 1 | BC21: 1 | BD21: 2 | BE21: 1 | BF21: 1 | BG21: 0 | BH21: 2 | BI21: 1 | BJ21: 1 | BK21: 2 | BL21: 0 | BM21: 0 | BN21: 1 | BO21: 2 | BP21: 0 | BQ21: 1 | BR21: 4 | BS21: 3 | BT21: 1 | BU21: 3 | BV21: 2 | BW21: 0 | BX21: 0 | BY21: 1 | BZ21: 0 | CA21: 0 | CB21: 0 | CC21: 0 | CD21: 0 | CE21: 0 | CF21: 2 | CG21: 0 | CH21: 0 | CI21: 0 | CJ21: 0 | CK21: 0 | CL21: 0 | CM21: 0 | CN21: 1 | CO21: 0 | CP21: 0 | CQ21: 1 | CR21: 0 | CS21: 1 | CT21: 0 | CU21: 1 | CV21: 0 | CW21: 0 | CX21: 0 | DR21: =YEAR($A21) -> 2016
A22: =DATE(YEAR(A21),MONTH(A21)+1,DAY(A21)) -> 42614 | B22: 25 | C22: 44 | D22: 26 | E22: 20 | F22: 22 | G22: 13 | H22: 16 | I22: 8 | J22: 13 | K22: 7 | L22: 10 | M22: 5 | N22: 6 | O22: 7 | P22: 10 | Q22: 7 | R22: 4 | S22: 6 | T22: 5 | U22: 7 | V22: 3 | W22: 4 | X22: 5 | Y22: 1 | Z22: 3 | AA22: 2 | AB22: 2 | AC22: 3 | AD22: 2 | AE22: 3 | AF22: 3 | AG22: 3 | AH22: 2 | AI22: 6 | AJ22: 2 | AK22: 4 | AL22: 1 | AM22: 2 | AN22: 3 | AO22: 0 | AP22: 1 | AQ22: 1 | AR22: 3 | AS22: 1 | AT22: 0 | AU22: 0 | AV22: 1 | AW22: 0 | AX22: 2 | AY22: 3 | AZ22: 1 | BA22: 0 | BB22: 4 | BC22: 0 | BD22: 1 | BE22: 3 | BF22: 1 | BG22: 3 | BH22: 2 | BI22: 0 | BJ22: 1 | BK22: 0 | BL22: 0 | BM22: 0 | BN22: 1 | BO22: 2 | BP22: 0 | BQ22: 0 | BR22: 1 | BS22: 1 | BT22: 1 | BU22: 2 | BV22: 1 | BW22: 0 | BX22: 0 | BY22: 0 | BZ22: 0 | CA22: 1 | CB22: 0 | CC22: 0 | CD22: 0 | CE22: 1 | CF22: 1 | CG22: 0 | CH22: 0 | CI22: 0 | CJ22: 1 | CK22: 0 | CL22: 1 | CM22: 0 | CN22: 0 | CO22: 1 | CP22: 0 | CQ22: 0 | CR22: 0 | CS22: 0 | CT22: 1 | CU22: 0 | CV22: 0 | CW22: 0 | DR22: =YEAR($A22) -> 2016
A23: =DATE(YEAR(A22),MONTH(A22)+1,DAY(A22)) -> 42644 | B23: 39 | C23: 75 | D23: 44 | E23: 39 | F23: 22 | G23: 23 | H23: 20 | I23: 13 | J23: 6 | K23: 14 | L23: 11 | M23: 9 | N23: 13 | O23: 11 | P23: 12 | Q23: 5 | R23: 5 | S23: 6 | T23: 6 | U23: 6 | V23: 4 | W23: 8 | X23: 8 | Y23: 6 | Z23: 4 | AA23: 2 | AB23: 6 | AC23: 6 | AD23: 3 | AE23: 5 | AF23: 4 | AG23: 5 | AH23: 3 | AI23: 5 | AJ23: 4 | AK23: 2 | AL23: 5 | AM23: 1 | AN23: 1 | AO23: 2 | AP23: 2 | AQ23: 3 | AR23: 1 | AS23: 4 | AT23: 5 | AU23: 1 | AV23: 1 | AW23: 4 | AX23: 5 | AY23: 4 | AZ23: 1 | BA23: 1 | BB23: 1 | BC23: 1 | BD23: 1 | BE23: 2 | BF23: 0 | BG23: 2 | BH23: 0 | BI23: 1 | BJ23: 3 | BK23: 2 | BL23: 1 | BM23: 1 | BN23: 3 | BO23: 2 | BP23: 1 | BQ23: 1 | BR23: 1 | BS23: 0 | BT23: 3 | BU23: 2 | BV23: 2 | BW23: 2 | BX23: 2 | BY23: 1 | BZ23: 1 | CA23: 0 | CB23: 1 | CC23: 2 | CD23: 1 | CE23: 2 | CF23: 0 | CG23: 1 | CH23: 2 | CI23: 0 | CJ23: 0 | CK23: 0 | CL23: 0 | CM23: 0 | CN23: 1 | CO23: 0 | CP23: 3 | CQ23: 0 | CR23: 1 | CS23: 1 | CT23: 0 | CU23: 0 | CV23: 1 | DR23: =YEAR($A23) -> 2016
A24: =DATE(YEAR(A23),MONTH(A23)+1,DAY(A23)) -> 42675 | B24: 38 | C24: 45 | D24: 41 | E24: 30 | F24: 25 | G24: 21 | H24: 16 | I24: 8 | J24: 14 | K24: 11 | L24: 13 | M24: 9 | N24: 9 | O24: 15 | P24: 7 | Q24: 9 | R24: 11 | S24: 11 | T24: 7 | U24: 6 | V24: 4 | W24: 5 | X24: 9 | Y24: 8 | Z24: 3 | AA24: 3 | AB24: 4 | AC24: 2 | AD24: 3 | AE24: 5 | AF24: 3 | AG24: 3 | AH24: 4 | AI24: 0 | AJ24: 4 | AK24: 2 | AL24: 2 | AM24: 1 | AN24: 2 | AO24: 2 | AP24: 3 | AQ24: 2 | AR24: 1 | AS24: 1 | AT24: 4 | AU24: 2 | AV24: 3 | AW24: 3 | AX24: 2 | AY24: 0 | AZ24: 2 | BA24: 0 | BB24: 1 | BC24: 2 | BD24: 2 | BE24: 1 | BF24: 0 | BG24: 1 | BH24: 1 | BI24: 2 | BJ24: 3 | BK24: 0 | BL24: 2 | BM24: 1 | BN24: 1 | BO24: 1 | BP24: 0 | BQ24: 1 | BR24: 3 | BS24: 0 | BT24: 2 | BU24: 1 | BV24: 1 | BW24: 0 | BX24: 0 | BY24: 3 | BZ24: 0 | CA24: 1 | CB24: 0 | CC24: 1 | CD24: 3 | CE24: 1 | CF24: 0 | CG24: 0 | CH24: 0 | CI24: 1 | CJ24: 0 | CK24: 2 | CL24: 2 | CM24: 1 | CN24: 1 | CO24: 0 | CP24: 1 | CQ24: 1 | CR24: 0 | CS24: 3 | CT24: 1 | CU24: 0 | DR24: =YEAR($A24) -> 2016
A25: =DATE(YEAR(A24),MONTH(A24)+1,DAY(A24)) -> 42705 | B25: 31 | C25: 62 | D25: 38 | E25: 28 | F25: 20 | G25: 17 | H25: 16 | I25: 16 | J25: 22 | K25: 9 | L25: 15 | M25: 13 | N25: 16 | O25: 8 | P25: 12 | Q25: 5 | R25: 8 | S25: 8 | T25: 5 | U25: 6 | V25: 10 | W25: 8 | X25: 4 | Y25: 5 | Z25: 7 | AA25: 5 | AB25: 3 | AC25: 3 | AD25: 3 | AE25: 6 | AF25: 2 | AG25: 5 | AH25: 1 | AI25: 4 | AJ25: 3 | AK25: 2 | AL25: 3 | AM25: 2 | AN25: 2 | AO25: 1 | AP25: 4 | AQ25: 3 | AR25: 0 | AS25: 1 | AT25: 1 | AU25: 1 | AV25: 1 | AW25: 9 | AX25: 2 | AY25: 1 | AZ25: 1 | BA25: 2 | BB25: 0 | BC25: 1 | BD25: 3 | BE25: 0 | BF25: 2 | BG25: 0 | BH25: 2 | BI25: 3 | BJ25: 2 | BK25: 1 | BL25: 3 | BM25: 2 | BN25: 1 | BO25: 1 | BP25: 1 | BQ25: 4 | BR25: 0 | BS25: 0 | BT25: 6 | BU25: 2 | BV25: 1 | BW25: 1 | BX25: 2 | BY25: 2 | BZ25: 2 | CA25: 1 | CB25: 1 | CC25: 2 | CD25: 0 | CE25: 1 | CF25: 1 | CG25: 1 | CH25: 0 | CI25: 1 | CJ25: 2 | CK25: 0 | CL25: 0 | CM25: 0 | CN25: 1 | CO25: 1 | CP25: 0 | CQ25: 0 | CR25: 1 | CS25: 2 | CT25: 0 | DR25: =YEAR($A25) -> 2016
A26: =DATE(YEAR(A25),MONTH(A25)+1,DAY(A25)) -> 42736 | B26: 44 | C26: 66 | D26: 40 | E26: 41 | F26: 30 | G26: 23 | H26: 25 | I26: 18 | J26: 17 | K26: 21 | L26: 18 | M26: 10 | N26: 11 | O26: 15 | P26: 16 | Q26: 11 | R26: 10 | S26: 8 | T26: 6 | U26: 6 | V26: 6 | W26: 6 | X26: 4 | Y26: 4 | Z26: 6 | AA26: 4 | AB26: 4 | AC26: 4 | AD26: 3 | AE26: 5 | AF26: 3 | AG26: 5 | AH26: 2 | AI26: 7 | AJ26: 6 | AK26: 3 | AL26: 2 | AM26: 3 | AN26: 5 | AO26: 2 | AP26: 2 | AQ26: 2 | AR26: 2 | AS26: 1 | AT26: 2 | AU26: 1 | AV26: 1 | AW26: 0 | AX26: 3 | AY26: 0 | AZ26: 3 | BA26: 4 | BB26: 2 | BC26: 2 | BD26: 1 | BE26: 0 | BF26: 1 | BG26: 3 | BH26: 3 | BI26: 2 | BJ26: 0 | BK26: 2 | BL26: 1 | BM26: 2 | BN26: 1 | BO26: 1 | BP26: 0 | BQ26: 1 | BR26: 0 | BS26: 3 | BT26: 0 | BU26: 0 | BV26: 0 | BW26: 3 | BX26: 0 | BY26: 2 | BZ26: 2 | CA26: 1 | CB26: 2 | CC26: 0 | CD26: 3 | CE26: 1 | CF26: 2 | CG26: 1 | CH26: 2 | CI26: 0 | CJ26: 0 | CK26: 2 | CL26: 0 | CM26: 1 | CN26: 0 | CO26: 1 | CP26: 1 | CQ26: 1 | CR26: 2 | CS26: 0 | DR26: =YEAR($A26) -> 2017
A27: =DATE(YEAR(A26),MONTH(A26)+1,DAY(A26)) -> 42767 | B27: 40 | C27: 55 | D27: 40 | E27: 34 | F27: 18 | G27: 21 | H27: 26 | I27: 13 | J27: 23 | K27: 16 | L27: 17 | M27: 17 | N27: 18 | O27: 11 | P27: 13 | Q27: 4 | R27: 6 | S27: 11 | T27: 5 | U27: 12 | V27: 7 | W27: 7 | X27: 9 | Y27: 4 | Z27: 11 | AA27: 7 | AB27: 7 | AC27: 4 | AD27: 8 | AE27: 6 | AF27: 4 | AG27: 7 | AH27: 2 | AI27: 3 | AJ27: 3 | AK27: 4 | AL27: 1 | AM27: 4 | AN27: 3 | AO27: 3 | AP27: 3 | AQ27: 4 | AR27: 4 | AS27: 0 | AT27: 4 | AU27: 4 | AV27: 5 | AW27: 1 | AX27: 2 | AY27: 4 | AZ27: 2 | BA27: 1 | BB27: 1 | BC27: 3 | BD27: 2 | BE27: 3 | BF27: 3 | BG27: 4 | BH27: 2 | BI27: 2 | BJ27: 4 | BK27: 3 | BL27: 1 | BM27: 1 | BN27: 3 | BO27: 2 | BP27: 2 | BQ27: 0 | BR27: 1 | BS27: 2 | BT27: 4 | BU27: 1 | BV27: 1 | BW27: 2 | BX27: 2 | BY27: 1 | BZ27: 0 | CA27: 0 | CB27: 0 | CC27: 3 | CD27: 1 | CE27: 1 | CF27: 1 | CG27: 1 | CH27: 1 | CI27: 1 | CJ27: 0 | CK27: 0 | CL27: 1 | CM27: 0 | CN27: 0 | CO27: 2 | CP27: 1 | CQ27: 0 | CR27: 0 | DR27: =YEAR($A27) -> 2017
A28: =DATE(YEAR(A27),MONTH(A27)+1,DAY(A27)) -> 42795 | B28: 47 | C28: 49 | D28: 39 | E28: 29 | F28: 30 | G28: 31 | H28: 24 | I28: 29 | J28: 12 | K28: 13 | L28: 19 | M28: 10 | N28: 15 | O28: 16 | P28: 18 | Q28: 14 | R28: 6 | S28: 8 | T28: 5 | U28: 13 | V28: 2 | W28: 7 | X28: 8 | Y28: 4 | Z28: 9 | AA28: 3 | AB28: 6 | AC28: 4 | AD28: 7 | AE28: 3 | AF28: 6 | AG28: 5 | AH28: 4 | AI28: 2 | AJ28: 2 | AK28: 2 | AL28: 4 | AM28: 3 | AN28: 1 | AO28: 0 | AP28: 6 | AQ28: 2 | AR28: 5 | AS28: 2 | AT28: 2 | AU28: 1 | AV28: 3 | AW28: 2 | AX28: 3 | AY28: 1 | AZ28: 3 | BA28: 2 | BB28: 1 | BC28: 0 | BD28: 4 | BE28: 1 | BF28: 1 | BG28: 0 | BH28: 0 | BI28: 0 | BJ28: 1 | BK28: 2 | BL28: 4 | BM28: 2 | BN28: 4 | BO28: 2 | BP28: 1 | BQ28: 1 | BR28: 1 | BS28: 0 | BT28: 0 | BU28: 1 | BV28: 1 | BW28: 1 | BX28: 0 | BY28: 0 | BZ28: 0 | CA28: 1 | CB28: 2 | CC28: 1 | CD28: 1 | CE28: 1 | CF28: 2 | CG28: 0 | CH28: 1 | CI28: 2 | CJ28: 0 | CK28: 2 | CL28: 1 | CM28: 0 | CN28: 0 | CO28: 1 | CP28: 0 | CQ28: 0 | DR28: =YEAR($A28) -> 2017
A29: =DATE(YEAR(A28),MONTH(A28)+1,DAY(A28)) -> 42826 | B29: 61 | C29: 91 | D29: 46 | E29: 46 | F29: 44 | G29: 32 | H29: 29 | I29: 20 | J29: 27 | K29: 25 | L29: 24 | M29: 20 | N29: 28 | O29: 19 | P29: 11 | Q29: 17 | R29: 19 | S29: 12 | T29: 8 | U29: 11 | V29: 12 | W29: 7 | X29: 11 | Y29: 3 | Z29: 7 | AA29: 11 | AB29: 6 | AC29: 8 | AD29: 8 | AE29: 6 | AF29: 6 | AG29: 5 | AH29: 5 | AI29: 3 | AJ29: 8 | AK29: 6 | AL29: 5 | AM29: 4 | AN29: 3 | AO29: 2 | AP29: 1 | AQ29: 2 | AR29: 5 | AS29: 5 | AT29: 1 | AU29: 2 | AV29: 2 | AW29: 4 | AX29: 2 | AY29: 1 | AZ29: 4 | BA29: 4 | BB29: 2 | BC29: 5 | BD29: 4 | BE29: 1 | BF29: 4 | BG29: 2 | BH29: 3 | BI29: 3 | BJ29: 0 | BK29: 3 | BL29: 0 | BM29: 4 | BN29: 1 | BO29: 1 | BP29: 3 | BQ29: 2 | BR29: 2 | BS29: 0 | BT29: 1 | BU29: 1 | BV29: 2 | BW29: 1 | BX29: 2 | BY29: 0 | BZ29: 1 | CA29: 1 | CB29: 0 | CC29: 2 | CD29: 0 | CE29: 0 | CF29: 1 | CG29: 2 | CH29: 3 | CI29: 3 | CJ29: 0 | CK29: 1 | CL29: 1 | CM29: 0 | CN29: 0 | CO29: 0 | CP29: 0 | DR29: =YEAR($A29) -> 2017
A30: =DATE(YEAR(A29),MONTH(A29)+1,DAY(A29)) -> 42856 | B30: 74 | C30: 80 | D30: 62 | E30: 53 | F30: 38 | G30: 39 | H30: 35 | I30: 33 | J30: 19 | K30: 17 | L30: 30 | M30: 20 | N30: 20 | O30: 12 | P30: 20 | Q30: 23 | R30: 14 | S30: 13 | T30: 21 | U30: 11 | V30: 6 | W30: 4 | X30: 10 | Y30: 6 | Z30: 10 | AA30: 7 | AB30: 6 | AC30: 5 | AD30: 9 | AE30: 5 | AF30: 5 | AG30: 10 | AH30: 4 | AI30: 5 | AJ30: 2 | AK30: 8 | AL30: 5 | AM30: 3 | AN30: 11 | AO30: 6 | AP30: 3 | AQ30: 2 | AR30: 12 | AS30: 2 | AT30: 2 | AU30: 4 | AV30: 2 | AW30: 3 | AX30: 3 | AY30: 0 | AZ30: 1 | BA30: 1 | BB30: 4 | BC30: 4 | BD30: 2 | BE30: 0 | BF30: 2 | BG30: 4 | BH30: 3 | BI30: 1 | BJ30: 2 | BK30: 4 | BL30: 4 | BM30: 1 | BN30: 4 | BO30: 4 | BP30: 1 | BQ30: 1 | BR30: 0 | BS30: 2 | BT30: 2 | BU30: 1 | BV30: 0 | BW30: 1 | BX30: 3 | BY30: 1 | BZ30: 0 | CA30: 2 | CB30: 1 | CC30: 0 | CD30: 1 | CE30: 2 | CF30: 1 | CG30: 4 | CH30: 1 | CI30: 3 | CJ30: 1 | CK30: 1 | CL30: 3 | CM30: 0 | CN30: 0 | CO30: 0 | DR30: =YEAR($A30) -> 2017
A31: =DATE(YEAR(A30),MONTH(A30)+1,DAY(A30)) -> 42887 | B31: 59 | C31: 103 | D31: 110 | E31: 62 | F31: 53 | G31: 39 | H31: 44 | I31: 25 | J31: 39 | K31: 29 | L31: 31 | M31: 23 | N31: 19 | O31: 19 | P31: 19 | Q31: 19 | R31: 12 | S31: 20 | T31: 11 | U31: 10 | V31: 8 | W31: 7 | X31: 11 | Y31: 8 | Z31: 9 | AA31: 11 | AB31: 6 | AC31: 9 | AD31: 8 | AE31: 8 | AF31: 6 | AG31: 12 | AH31: 2 | AI31: 5 | AJ31: 4 | AK31: 1 | AL31: 3 | AM31: 9 | AN31: 4 | AO31: 6 | AP31: 9 | AQ31: 7 | AR31: 2 | AS31: 5 | AT31: 5 | AU31: 6 | AV31: 1 | AW31: 0 | AX31: 5 | AY31: 1 | AZ31: 5 | BA31: 3 | BB31: 3 | BC31: 4 | BD31: 2 | BE31: 1 | BF31: 1 | BG31: 2 | BH31: 1 | BI31: 6 | BJ31: 3 | BK31: 6 | BL31: 1 | BM31: 1 | BN31: 1 | BO31: 5 | BP31: 2 | BQ31: 2 | BR31: 2 | BS31: 1 | BT31: 3 | BU31: 2 | BV31: 2 | BW31: 3 | BX31: 0 | BY31: 3 | BZ31: 0 | CA31: 1 | CB31: 2 | CC31: 1 | CD31: 0 | CE31: 0 | CF31: 2 | CG31: 1 | CH31: 1 | CI31: 0 | CJ31: 2 | CK31: 1 | CL31: 0 | CM31: 3 | CN31: 0 | DR31: =YEAR($A31) -> 2017
A32: =DATE(YEAR(A31),MONTH(A31)+1,DAY(A31)) -> 42917 | B32: 82 | C32: 149 | D32: 147 | E32: 104 | F32: 59 | G32: 46 | H32: 46 | I32: 42 | J32: 28 | K32: 42 | L32: 26 | M32: 27 | N32: 25 | O32: 27 | P32: 15 | Q32: 16 | R32: 14 | S32: 14 | T32: 17 | U32: 15 | V32: 12 | W32: 11 | X32: 12 | Y32: 12 | Z32: 8 | AA32: 7 | AB32: 4 | AC32: 8 | AD32: 10 | AE32: 9 | AF32: 8 | AG32: 3 | AH32: 4 | AI32: 2 | AJ32: 6 | AK32: 4 | AL32: 5 | AM32: 4 | AN32: 1 | AO32: 2 | AP32: 8 | AQ32: 4 | AR32: 0 | AS32: 4 | AT32: 1 | AU32: 4 | AV32: 3 | AW32: 3 | AX32: 3 | AY32: 2 | AZ32: 0 | BA32: 2 | BB32: 6 | BC32: 1 | BD32: 1 | BE32: 0 | BF32: 0 | BG32: 1 | BH32: 3 | BI32: 5 | BJ32: 4 | BK32: 3 | BL32: 1 | BM32: 2 | BN32: 3 | BO32: 0 | BP32: 2 | BQ32: 0 | BR32: 3 | BS32: 0 | BT32: 1 | BU32: 1 | BV32: 3 | BW32: 1 | BX32: 2 | BY32: 1 | BZ32: 1 | CA32: 2 | CB32: 1 | CC32: 1 | CD32: 1 | CE32: 1 | CF32: 1 | CG32: 2 | CH32: 0 | CI32: 1 | CJ32: 3 | CK32: 1 | CL32: 1 | CM32: 0 | DR32: =YEAR($A32) -> 2017
A33: =DATE(YEAR(A32),MONTH(A32)+1,DAY(A32)) -> 42948 | B33: 50 | C33: 112 | D33: 71 | E33: 84 | F33: 42 | G33: 31 | H33: 19 | I33: 20 | J33: 22 | K33: 17 | L33: 25 | M33: 25 | N33: 17 | O33: 22 | P33: 8 | Q33: 12 | R33: 8 | S33: 10 | T33: 5 | U33: 7 | V33: 4 | W33: 7 | X33: 7 | Y33: 8 | Z33: 2 | AA33: 3 | AB33: 7 | AC33: 4 | AD33: 5 | AE33: 2 | AF33: 5 | AG33: 4 | AH33: 5 | AI33: 1 | AJ33: 1 | AK33: 3 | AL33: 4 | AM33: 1 | AN33: 1 | AO33: 3 | AP33: 3 | AQ33: 0 | AR33: 2 | AS33: 5 | AT33: 0 | AU33: 2 | AV33: 3 | AW33: 2 | AX33: 1 | AY33: 1 | AZ33: 3 | BA33: 1 | BB33: 2 | BC33: 1 | BD33: 0 | BE33: 0 | BF33: 0 | BG33: 3 | BH33: 1 | BI33: 6 | BJ33: 2 | BK33: 1 | BL33: 0 | BM33: 1 | BN33: 0 | BO33: 1 | BP33: 4 | BQ33: 1 | BR33: 1 | BS33: 1 | BT33: 1 | BU33: 1 | BV33: 2 | BW33: 0 | BX33: 2 | BY33: 2 | BZ33: 0 | CA33: 1 | CB33: 0 | CC33: 0 | CD33: 1 | CE33: 0 | CF33: 0 | CG33: 0 | CH33: 0 | CI33: 0 | CJ33: 1 | CK33: 0 | CL33: 1 | DR33: =YEAR($A33) -> 2017
A34: =DATE(YEAR(A33),MONTH(A33)+1,DAY(A33)) -> 42979 | B34: 57 | C34: 116 | D34: 82 | E34: 100 | F34: 58 | G34: 46 | H34: 32 | I34: 24 | J34: 20 | K34: 22 | L34: 24 | M34: 16 | N34: 22 | O34: 16 | P34: 25 | Q34: 17 | R34: 15 | S34: 14 | T34: 9 | U34: 13 | V34: 10 | W34: 10 | X34: 13 | Y34: 5 | Z34: 10 | AA34: 7 | AB34: 7 | AC34: 5 | AD34: 3 | AE34: 9 | AF34: 7 | AG34: 10 | AH34: 5 | AI34: 6 | AJ34: 7 | AK34: 1 | AL34: 4 | AM34: 6 | AN34: 4 | AO34: 0 | AP34: 1 | AQ34: 4 | AR34: 4 | AS34: 2 | AT34: 1 | AU34: 1 | AV34: 3 | AW34: 1 | AX34: 0 | AY34: 0 | AZ34: 5 | BA34: 3 | BB34: 1 | BC34: 3 | BD34: 2 | BE34: 2 | BF34: 1 | BG34: 3 | BH34: 1 | BI34: 1 | BJ34: 1 | BK34: 1 | BL34: 0 | BM34: 4 | BN34: 1 | BO34: 0 | BP34: 0 | BQ34: 1 | BR34: 1 | BS34: 0 | BT34: 0 | BU34: 2 | BV34: 0 | BW34: 2 | BX34: 1 | BY34: 3 | BZ34: 0 | CA34: 0 | CB34: 0 | CC34: 1 | CD34: 0 | CE34: 0 | CF34: 0 | CG34: 0 | CH34: 0 | CI34: 0 | CJ34: 0 | CK34: 2 | DR34: =YEAR($A34) -> 2017
A35: =DATE(YEAR(A34),MONTH(A34)+1,DAY(A34)) -> 43009 | B35: 116 | C35: 205 | D35: 155 | E35: 153 | F35: 68 | G35: 67 | H35: 51 | I35: 46 | J35: 31 | K35: 53 | L35: 44 | M35: 41 | N35: 34 | O35: 28 | P35: 21 | Q35: 32 | R35: 25 | S35: 26 | T35: 16 | U35: 17 | V35: 12 | W35: 20 | X35: 8 | Y35: 16 | Z35: 17 | AA35: 11 | AB35: 13 | AC35: 9 | AD35: 10 | AE35: 8 | AF35: 8 | AG35: 7 | AH35: 2 | AI35: 12 | AJ35: 1 | AK35: 4 | AL35: 11 | AM35: 3 | AN35: 8 | AO35: 3 | AP35: 2 | AQ35: 6 | AR35: 4 | AS35: 3 | AT35: 3 | AU35: 6 | AV35: 4 | AW35: 4 | AX35: 6 | AY35: 4 | AZ35: 1 | BA35: 5 | BB35: 2 | BC35: 1 | BD35: 3 | BE35: 5 | BF35: 0 | BG35: 1 | BH35: 3 | BI35: 4 | BJ35: 6 | BK35: 3 | BL35: 3 | BM35: 1 | BN35: 3 | BO35: 2 | BP35: 1 | BQ35: 1 | BR35: 3 | BS35: 2 | BT35: 0 | BU35: 3 | BV35: 1 | BW35: 1 | BX35: 1 | BY35: 0 | BZ35: 0 | CA35: 1 | CB35: 0 | CC35: 2 | CD35: 0 | CE35: 3 | CF35: 1 | CG35: 0 | CH35: 2 | CI35: 1 | CJ35: 0 | DR35: =YEAR($A35) -> 2017
A36: =DATE(YEAR(A35),MONTH(A35)+1,DAY(A35)) -> 43040 | B36: 98 | C36: 160 | D36: 144 | E36: 136 | F36: 80 | G36: 43 | H36: 51 | I36: 41 | J36: 36 | K36: 41 | L36: 35 | M36: 30 | N36: 23 | O36: 26 | P36: 19 | Q36: 23 | R36: 26 | S36: 15 | T36: 17 | U36: 12 | V36: 14 | W36: 10 | X36: 11 | Y36: 6 | Z36: 9 | AA36: 14 | AB36: 7 | AC36: 3 | AD36: 6 | AE36: 9 | AF36: 6 | AG36: 8 | AH36: 6 | AI36: 10 | AJ36: 5 | AK36: 11 | AL36: 8 | AM36: 5 | AN36: 6 | AO36: 8 | AP36: 4 | AQ36: 7 | AR36: 6 | AS36: 1 | AT36: 3 | AU36: 2 | AV36: 8 | AW36: 3 | AX36: 3 | AY36: 5 | AZ36: 2 | BA36: 3 | BB36: 2 | BC36: 3 | BD36: 2 | BE36: 1 | BF36: 2 | BG36: 2 | BH36: 3 | BI36: 4 | BJ36: 4 | BK36: 3 | BL36: 3 | BM36: 2 | BN36: 3 | BO36: 2 | BP36: 3 | BQ36: 3 | BR36: 2 | BS36: 0 | BT36: 3 | BU36: 1 | BV36: 2 | BW36: 1 | BX36: 3 | BY36: 2 | BZ36: 2 | CA36: 1 | CB36: 2 | CC36: 2 | CD36: 0 | CE36: 0 | CF36: 0 | CG36: 5 | CH36: 1 | CI36: 3 | DR36: =YEAR($A36) -> 2017
A37: =DATE(YEAR(A36),MONTH(A36)+1,DAY(A36)) -> 43070 | B37: 94 | C37: 164 | D37: 175 | E37: 88 | F37: 65 | G37: 55 | H37: 48 | I37: 53 | J37: 33 | K37: 39 | L37: 29 | M37: 32 | N37: 29 | O37: 20 | P37: 18 | Q37: 25 | R37: 29 | S37: 20 | T37: 13 | U37: 19 | V37: 6 | W37: 9 | X37: 7 | Y37: 8 | Z37: 8 | AA37: 7 | AB37: 6 | AC37: 16 | AD37: 9 | AE37: 11 | AF37: 6 | AG37: 9 | AH37: 4 | AI37: 5 | AJ37: 4 | AK37: 7 | AL37: 4 | AM37: 5 | AN37: 7 | AO37: 5 | AP37: 3 | AQ37: 9 | AR37: 5 | AS37: 4 | AT37: 4 | AU37: 2 | AV37: 6 | AW37: 2 | AX37: 7 | AY37: 3 | AZ37: 1 | BA37: 7 | BB37: 1 | BC37: 2 | BD37: 5 | BE37: 2 | BF37: 2 | BG37: 4 | BH37: 1 | BI37: 2 | BJ37: 3 | BK37: 3 | BL37: 2 | BM37: 1 | BN37: 2 | BO37: 1 | BP37: 1 | BQ37: 1 | BR37: 0 | BS37: 1 | BT37: 3 | BU37: 1 | BV37: 3 | BW37: 4 | BX37: 4 | BY37: 2 | BZ37: 1 | CA37: 0 | CB37: 1 | CC37: 3 | CD37: 1 | CE37: 3 | CF37: 2 | CG37: 0 | CH37: 0 | DR37: =YEAR($A37) -> 2017
A38: =DATE(YEAR(A37),MONTH(A37)+1,DAY(A37)) -> 43101 | B38: 103 | C38: 234 | D38: 150 | E38: 117 | F38: 52 | G38: 61 | H38: 45 | I38: 67 | J38: 41 | K38: 32 | L38: 36 | M38: 31 | N38: 21 | O38: 29 | P38: 23 | Q38: 19 | R38: 18 | S38: 19 | T38: 20 | U38: 11 | V38: 13 | W38: 13 | X38: 11 | Y38: 7 | Z38: 9 | AA38: 7 | AB38: 5 | AC38: 4 | AD38: 10 | AE38: 4 | AF38: 6 | AG38: 4 | AH38: 7 | AI38: 5 | AJ38: 6 | AK38: 3 | AL38: 2 | AM38: 5 | AN38: 2 | AO38: 5 | AP38: 3 | AQ38: 6 | AR38: 4 | AS38: 4 | AT38: 4 | AU38: 3 | AV38: 5 | AW38: 2 | AX38: 3 | AY38: 2 | AZ38: 2 | BA38: 5 | BB38: 3 | BC38: 2 | BD38: 7 | BE38: 2 | BF38: 4 | BG38: 2 | BH38: 4 | BI38: 1 | BJ38: 1 | BK38: 1 | BL38: 7 | BM38: 1 | BN38: 3 | BO38: 1 | BP38: 0 | BQ38: 3 | BR38: 2 | BS38: 1 | BT38: 1 | BU38: 2 | BV38: 3 | BW38: 1 | BX38: 1 | BY38: 3 | BZ38: 1 | CA38: 0 | CB38: 0 | CC38: 1 | CD38: 0 | CE38: 1 | CF38: 1 | CG38: 2 | DR38: =YEAR($A38) -> 2018
A39: =DATE(YEAR(A38),MONTH(A38)+1,DAY(A38)) -> 43132 | B39: 111 | C39: 184 | D39: 139 | E39: 104 | F39: 64 | G39: 78 | H39: 51 | I39: 52 | J39: 48 | K39: 52 | L39: 30 | M39: 35 | N39: 28 | O39: 35 | P39: 31 | Q39: 27 | R39: 15 | S39: 20 | T39: 15 | U39: 19 | V39: 12 | W39: 16 | X39: 5 | Y39: 11 | Z39: 7 | AA39: 14 | AB39: 12 | AC39: 12 | AD39: 5 | AE39: 15 | AF39: 6 | AG39: 3 | AH39: 3 | AI39: 12 | AJ39: 6 | AK39: 8 | AL39: 8 | AM39: 4 | AN39: 9 | AO39: 3 | AP39: 1 | AQ39: 5 | AR39: 7 | AS39: 2 | AT39: 3 | AU39: 6 | AV39: 5 | AW39: 3 | AX39: 4 | AY39: 5 | AZ39: 3 | BA39: 3 | BB39: 2 | BC39: 4 | BD39: 0 | BE39: 6 | BF39: 0 | BG39: 3 | BH39: 2 | BI39: 4 | BJ39: 3 | BK39: 6 | BL39: 3 | BM39: 3 | BN39: 4 | BO39: 2 | BP39: 0 | BQ39: 2 | BR39: 0 | BS39: 2 | BT39: 0 | BU39: 2 | BV39: 3 | BW39: 0 | BX39: 2 | BY39: 2 | BZ39: 2 | CA39: 1 | CB39: 3 | CC39: 1 | CD39: 2 | CE39: 0 | CF39: 0 | DR39: =YEAR($A39) -> 2018
A40: =DATE(YEAR(A39),MONTH(A39)+1,DAY(A39)) -> 43160 | B40: 100 | C40: 219 | D40: 155 | E40: 108 | F40: 71 | G40: 70 | H40: 74 | I40: 56 | J40: 40 | K40: 32 | L40: 39 | M40: 32 | N40: 34 | O40: 23 | P40: 24 | Q40: 20 | R40: 22 | S40: 27 | T40: 21 | U40: 18 | V40: 8 | W40: 16 | X40: 21 | Y40: 15 | Z40: 16 | AA40: 7 | AB40: 11 | AC40: 11 | AD40: 11 | AE40: 6 | AF40: 6 | AG40: 7 | AH40: 11 | AI40: 6 | AJ40: 5 | AK40: 6 | AL40: 6 | AM40: 6 | AN40: 6 | AO40: 6 | AP40: 6 | AQ40: 5 | AR40: 6 | AS40: 8 | AT40: 5 | AU40: 4 | AV40: 1 | AW40: 6 | AX40: 3 | AY40: 2 | AZ40: 2 | BA40: 6 | BB40: 7 | BC40: 5 | BD40: 4 | BE40: 0 | BF40: 2 | BG40: 3 | BH40: 0 | BI40: 3 | BJ40: 3 | BK40: 5 | BL40: 1 | BM40: 3 | BN40: 1 | BO40: 1 | BP40: 1 | BQ40: 0 | BR40: 1 | BS40: 1 | BT40: 3 | BU40: 2 | BV40: 0 | BW40: 0 | BX40: 3 | BY40: 0 | BZ40: 2 | CA40: 1 | CB40: 0 | CC40: 2 | CD40: 2 | CE40: 0 | DR40: =YEAR($A40) -> 2018
A41: =DATE(YEAR(A40),MONTH(A40)+1,DAY(A40)) -> 43191 | B41: 104 | C41: 209 | D41: 168 | E41: 140 | F41: 78 | G41: 71 | H41: 68 | I41: 42 | J41: 29 | K41: 43 | L41: 29 | M41: 43 | N41: 40 | O41: 27 | P41: 33 | Q41: 32 | R41: 15 | S41: 21 | T41: 16 | U41: 11 | V41: 19 | W41: 18 | X41: 9 | Y41: 16 | Z41: 11 | AA41: 10 | AB41: 10 | AC41: 9 | AD41: 11 | AE41: 5 | AF41: 10 | AG41: 5 | AH41: 5 | AI41: 7 | AJ41: 5 | AK41: 4 | AL41: 3 | AM41: 9 | AN41: 4 | AO41: 5 | AP41: 7 | AQ41: 6 | AR41: 4 | AS41: 5 | AT41: 3 | AU41: 2 | AV41: 6 | AW41: 3 | AX41: 4 | AY41: 4 | AZ41: 2 | BA41: 4 | BB41: 6 | BC41: 6 | BD41: 4 | BE41: 4 | BF41: 3 | BG41: 2 | BH41: 4 | BI41: 2 | BJ41: 1 | BK41: 3 | BL41: 2 | BM41: 1 | BN41: 5 | BO41: 1 | BP41: 3 | BQ41: 4 | BR41: 1 | BS41: 1 | BT41: 1 | BU41: 2 | BV41: 3 | BW41: 1 | BX41: 0 | BY41: 2 | BZ41: 1 | CA41: 0 | CB41: 0 | CC41: 1 | CD41: 0 | DR41: =YEAR($A41) -> 2018
A42: =DATE(YEAR(A41),MONTH(A41)+1,DAY(A41)) -> 43221 | B42: 110 | C42: 190 | D42: 157 | E42: 96 | F42: 59 | G42: 58 | H42: 50 | I42: 43 | J42: 39 | K42: 31 | L42: 31 | M42: 30 | N42: 24 | O42: 23 | P42: 27 | Q42: 17 | R42: 15 | S42: 20 | T42: 12 | U42: 20 | V42: 12 | W42: 7 | X42: 9 | Y42: 8 | Z42: 8 | AA42: 11 | AB42: 9 | AC42: 7 | AD42: 4 | AE42: 6 | AF42: 9 | AG42: 3 | AH42: 4 | AI42: 6 | AJ42: 8 | AK42: 6 | AL42: 4 | AM42: 5 | AN42: 4 | AO42: 2 | AP42: 2 | AQ42: 2 | AR42: 5 | AS42: 3 | AT42: 2 | AU42: 4 | AV42: 9 | AW42: 7 | AX42: 2 | AY42: 5 | AZ42: 5 | BA42: 4 | BB42: 2 | BC42: 5 | BD42: 5 | BE42: 2 | BF42: 2 | BG42: 1 | BH42: 1 | BI42: 4 | BJ42: 2 | BK42: 2 | BL42: 2 | BM42: 2 | BN42: 1 | BO42: 0 | BP42: 2 | BQ42: 2 | BR42: 2 | BS42: 4 | BT42: 1 | BU42: 7 | BV42: 0 | BW42: 1 | BX42: 1 | BY42: 0 | BZ42: 2 | CA42: 3 | CB42: 1 | CC42: 0 | DR42: =YEAR($A42) -> 2018
A43: =DATE(YEAR(A42),MONTH(A42)+1,DAY(A42)) -> 43252 | B43: 86 | C43: 221 | D43: 193 | E43: 93 | F43: 57 | G43: 62 | H43: 45 | I43: 45 | J43: 41 | K43: 29 | L43: 34 | M43: 31 | N43: 38 | O43: 27 | P43: 16 | Q43: 13 | R43: 11 | S43: 13 | T43: 8 | U43: 15 | V43: 20 | W43: 12 | X43: 11 | Y43: 8 | Z43: 8 | AA43: 8 | AB43: 8 | AC43: 5 | AD43: 5 | AE43: 11 | AF43: 1 | AG43: 6 | AH43: 7 | AI43: 7 | AJ43: 5 | AK43: 3 | AL43: 3 | AM43: 6 | AN43: 4 | AO43: 4 | AP43: 5 | AQ43: 3 | AR43: 4 | AS43: 3 | AT43: 2 | AU43: 5 | AV43: 2 | AW43: 8 | AX43: 5 | AY43: 5 | AZ43: 1 | BA43: 2 | BB43: 0 | BC43: 4 | BD43: 0 | BE43: 3 | BF43: 0 | BG43: 3 | BH43: 1 | BI43: 5 | BJ43: 0 | BK43: 2 | BL43: 2 | BM43: 4 | BN43: 2 | BO43: 1 | BP43: 2 | BQ43: 1 | BR43: 0 | BS43: 0 | BT43: 2 | BU43: 3 | BV43: 1 | BW43: 0 | BX43: 1 | BY43: 2 | BZ43: 2 | CA43: 0 | CB43: 0 | DR43: =YEAR($A43) -> 2018
A44: =DATE(YEAR(A43),MONTH(A43)+1,DAY(A43)) -> 43282 | B44: 108 | C44: 205 | D44: 149 | E44: 91 | F44: 55 | G44: 44 | H44: 41 | I44: 37 | J44: 38 | K44: 47 | L44: 30 | M44: 36 | N44: 39 | O44: 15 | P44: 15 | Q44: 14 | R44: 17 | S44: 17 | T44: 10 | U44: 10 | V44: 8 | W44: 9 | X44: 13 | Y44: 14 | Z44: 7 | AA44: 6 | AB44: 3 | AC44: 8 | AD44: 14 | AE44: 5 | AF44: 6 | AG44: 7 | AH44: 4 | AI44: 3 | AJ44: 6 | AK44: 6 | AL44: 6 | AM44: 5 | AN44: 3 | AO44: 7 | AP44: 2 | AQ44: 5 | AR44: 4 | AS44: 2 | AT44: 3 | AU44: 1 | AV44: 4 | AW44: 2 | AX44: 5 | AY44: 1 | AZ44: 2 | BA44: 5 | BB44: 3 | BC44: 1 | BD44: 3 | BE44: 1 | BF44: 0 | BG44: 1 | BH44: 3 | BI44: 3 | BJ44: 4 | BK44: 3 | BL44: 0 | BM44: 1 | BN44: 2 | BO44: 2 | BP44: 1 | BQ44: 0 | BR44: 3 | BS44: 1 | BT44: 2 | BU44: 3 | BV44: 1 | BW44: 1 | BX44: 3 | BY44: 1 | BZ44: 0 | CA44: 0 | DR44: =YEAR($A44) -> 2018
A45: =DATE(YEAR(A44),MONTH(A44)+1,DAY(A44)) -> 43313 | B45: 67 | C45: 179 | D45: 113 | E45: 84 | F45: 52 | G45: 51 | H45: 36 | I45: 34 | J45: 29 | K45: 27 | L45: 30 | M45: 32 | N45: 11 | O45: 24 | P45: 16 | Q45: 16 | R45: 12 | S45: 9 | T45: 12 | U45: 9 | V45: 8 | W45: 11 | X45: 5 | Y45: 13 | Z45: 8 | AA45: 6 | AB45: 2 | AC45: 11 | AD45: 2 | AE45: 9 | AF45: 5 | AG45: 4 | AH45: 4 | AI45: 5 | AJ45: 7 | AK45: 6 | AL45: 4 | AM45: 2 | AN45: 5 | AO45: 2 | AP45: 1 | AQ45: 1 | AR45: 1 | AS45: 1 | AT45: 3 | AU45: 5 | AV45: 6 | AW45: 4 | AX45: 3 | AY45: 2 | AZ45: 1 | BA45: 1 | BB45: 0 | BC45: 1 | BD45: 0 | BE45: 2 | BF45: 3 | BG45: 0 | BH45: 0 | BI45: 1 | BJ45: 1 | BK45: 1 | BL45: 1 | BM45: 0 | BN45: 0 | BO45: 2 | BP45: 1 | BQ45: 1 | BR45: 0 | BS45: 0 | BT45: 2 | BU45: 1 | BV45: 2 | BW45: 0 | BX45: 0 | BY45: 0 | BZ45: 1 | DR45: =YEAR($A45) -> 2018
A46: =DATE(YEAR(A45),MONTH(A45)+1,DAY(A45)) -> 43344 | B46: 101 | C46: 148 | D46: 90 | E46: 52 | F46: 45 | G46: 53 | H46: 33 | I46: 36 | J46: 30 | K46: 34 | L46: 31 | M46: 15 | N46: 12 | O46: 18 | P46: 16 | Q46: 12 | R46: 6 | S46: 17 | T46: 13 | U46: 10 | V46: 10 | W46: 4 | X46: 12 | Y46: 6 | Z46: 6 | AA46: 4 | AB46: 3 | AC46: 5 | AD46: 7 | AE46: 7 | AF46: 3 | AG46: 4 | AH46: 4 | AI46: 5 | AJ46: 3 | AK46: 4 | AL46: 3 | AM46: 1 | AN46: 3 | AO46: 3 | AP46: 4 | AQ46: 2 | AR46: 2 | AS46: 2 | AT46: 1 | AU46: 1 | AV46: 2 | AW46: 2 | AX46: 2 | AY46: 3 | AZ46: 2 | BA46: 3 | BB46: 0 | BC46: 2 | BD46: 3 | BE46: 1 | BF46: 0 | BG46: 1 | BH46: 0 | BI46: 2 | BJ46: 3 | BK46: 0 | BL46: 1 | BM46: 0 | BN46: 1 | BO46: 1 | BP46: 3 | BQ46: 1 | BR46: 0 | BS46: 1 | BT46: 3 | BU46: 1 | BV46: 2 | BW46: 2 | BX46: 0 | BY46: 0 | DR46: =YEAR($A46) -> 2018
A47: =DATE(YEAR(A46),MONTH(A46)+1,DAY(A46)) -> 43374 | B47: 140 | C47: 167 | D47: 68 | E47: 71 | F47: 60 | G47: 53 | H47: 37 | I47: 44 | J47: 38 | K47: 33 | L47: 21 | M47: 24 | N47: 25 | O47: 19 | P47: 13 | Q47: 17 | R47: 8 | S47: 13 | T47: 10 | U47: 4 | V47: 11 | W47: 8 | X47: 4 | Y47: 6 | Z47: 5 | AA47: 18 | AB47: 8 | AC47: 9 | AD47: 3 | AE47: 4 | AF47: 4 | AG47: 1 | AH47: 2 | AI47: 8 | AJ47: 4 | AK47: 4 | AL47: 9 | AM47: 4 | AN47: 4 | AO47: 4 | AP47: 7 | AQ47: 2 | AR47: 1 | AS47: 6 | AT47: 8 | AU47: 5 | AV47: 5 | AW47: 4 | AX47: 3 | AY47: 6 | AZ47: 1 | BA47: 1 | BB47: 1 | BC47: 0 | BD47: 1 | BE47: 3 | BF47: 3 | BG47: 0 | BH47: 2 | BI47: 1 | BJ47: 1 | BK47: 3 | BL47: 1 | BM47: 1 | BN47: 0 | BO47: 1 | BP47: 0 | BQ47: 0 | BR47: 0 | BS47: 0 | BT47: 2 | BU47: 3 | BV47: 0 | BW47: 0 | BX47: 0 | DR47: =YEAR($A47) -> 2018
A48: =DATE(YEAR(A47),MONTH(A47)+1,DAY(A47)) -> 43405 | B48: 69 | C48: 84 | D48: 54 | E48: 45 | F48: 38 | G48: 24 | H48: 23 | I48: 17 | J48: 21 | K48: 8 | L48: 16 | M48: 16 | N48: 13 | O48: 15 | P48: 9 | Q48: 17 | R48: 8 | S48: 7 | T48: 5 | U48: 9 | V48: 9 | W48: 4 | X48: 5 | Y48: 1 | Z48: 10 | AA48: 2 | AB48: 2 | AC48: 6 | AD48: 5 | AE48: 4 | AF48: 8 | AG48: 2 | AH48: 2 | AI48: 4 | AJ48: 1 | AK48: 7 | AL48: 2 | AM48: 2 | AN48: 2 | AO48: 0 | AP48: 2 | AQ48: 3 | AR48: 4 | AS48: 2 | AT48: 1 | AU48: 1 | AV48: 4 | AW48: 2 | AX48: 2 | AY48: 4 | AZ48: 0 | BA48: 0 | BB48: 0 | BC48: 1 | BD48: 1 | BE48: 3 | BF48: 3 | BG48: 0 | BH48: 1 | BI48: 1 | BJ48: 2 | BK48: 0 | BL48: 2 | BM48: 1 | BN48: 0 | BO48: 1 | BP48: 0 | BQ48: 1 | BR48: 1 | BS48: 0 | BT48: 0 | BU48: 1 | BV48: 0 | BW48: 0 | DR48: =YEAR($A48) -> 2018
A49: =DATE(YEAR(A48),MONTH(A48)+1,DAY(A48)) -> 43435 | B49: 72 | C49: 119 | D49: 94 | E49: 63 | F49: 59 | G49: 39 | H49: 35 | I49: 31 | J49: 14 | K49: 14 | L49: 22 | M49: 14 | N49: 20 | O49: 17 | P49: 14 | Q49: 13 | R49: 13 | S49: 9 | T49: 11 | U49: 13 | V49: 13 | W49: 5 | X49: 5 | Y49: 15 | Z49: 8 | AA49: 6 | AB49: 1 | AC49: 1 | AD49: 7 | AE49: 4 | AF49: 4 | AG49: 6 | AH49: 2 | AI49: 2 | AJ49: 3 | AK49: 4 | AL49: 6 | AM49: 4 | AN49: 5 | AO49: 1 | AP49: 2 | AQ49: 4 | AR49: 1 | AS49: 4 | AT49: 1 | AU49: 4 | AV49: 3 | AW49: 2 | AX49: 3 | AY49: 2 | AZ49: 0 | BA49: 0 | BB49: 0 | BC49: 0 | BD49: 2 | BE49: 1 | BF49: 2 | BG49: 0 | BH49: 1 | BI49: 0 | BJ49: 4 | BK49: 1 | BL49: 1 | BM49: 1 | BN49: 1 | BO49: 2 | BP49: 1 | BQ49: 0 | BR49: 0 | BS49: 1 | BT49: 1 | BU49: 0 | BV49: 0 | DR49: =YEAR($A49) -> 2018
A50: =DATE(YEAR(A49),MONTH(A49)+1,DAY(A49)) -> 43466 | B50: 133 | C50: 146 | D50: 122 | E50: 87 | F50: 52 | G50: 59 | H50: 58 | I50: 22 | J50: 29 | K50: 36 | L50: 21 | M50: 22 | N50: 22 | O50: 16 | P50: 23 | Q50: 11 | R50: 13 | S50: 10 | T50: 19 | U50: 4 | V50: 5 | W50: 8 | X50: 10 | Y50: 9 | Z50: 9 | AA50: 5 | AB50: 4 | AC50: 7 | AD50: 7 | AE50: 8 | AF50: 3 | AG50: 7 | AH50: 5 | AI50: 2 | AJ50: 6 | AK50: 6 | AL50: 4 | AM50: 6 | AN50: 2 | AO50: 6 | AP50: 4 | AQ50: 1 | AR50: 3 | AS50: 3 | AT50: 1 | AU50: 4 | AV50: 1 | AW50: 4 | AX50: 2 | AY50: 3 | AZ50: 1 | BA50: 4 | BB50: 3 | BC50: 1 | BD50: 8 | BE50: 1 | BF50: 0 | BG50: 2 | BH50: 4 | BI50: 1 | BJ50: 3 | BK50: 0 | BL50: 1 | BM50: 4 | BN50: 1 | BO50: 1 | BP50: 0 | BQ50: 2 | BR50: 0 | BS50: 0 | BT50: 2 | BU50: 0 | DR50: =YEAR($A50) -> 2019
A51: =DATE(YEAR(A50),MONTH(A50)+1,DAY(A50)) -> 43497 | B51: 126 | C51: 162 | D51: 128 | E51: 84 | F51: 47 | G51: 62 | H51: 29 | I51: 36 | J51: 33 | K51: 27 | L51: 15 | M51: 16 | N51: 13 | O51: 15 | P51: 13 | Q51: 16 | R51: 9 | S51: 14 | T51: 7 | U51: 9 | V51: 9 | W51: 12 | X51: 3 | Y51: 8 | Z51: 11 | AA51: 9 | AB51: 9 | AC51: 7 | AD51: 8 | AE51: 6 | AF51: 5 | AG51: 4 | AH51: 4 | AI51: 5 | AJ51: 6 | AK51: 2 | AL51: 2 | AM51: 1 | AN51: 3 | AO51: 3 | AP51: 4 | AQ51: 2 | AR51: 1 | AS51: 3 | AT51: 2 | AU51: 4 | AV51: 0 | AW51: 2 | AX51: 2 | AY51: 1 | AZ51: 3 | BA51: 2 | BB51: 1 | BC51: 1 | BD51: 1 | BE51: 1 | BF51: 0 | BG51: 0 | BH51: 1 | BI51: 1 | BJ51: 6 | BK51: 5 | BL51: 0 | BM51: 0 | BN51: 1 | BO51: 2 | BP51: 0 | BQ51: 0 | BR51: 0 | BS51: 0 | BT51: 0 | DR51: =YEAR($A51) -> 2019
A52: =DATE(YEAR(A51),MONTH(A51)+1,DAY(A51)) -> 43525 | B52: 105 | C52: 168 | D52: 105 | E52: 56 | F52: 45 | G52: 26 | H52: 30 | I52: 20 | J52: 16 | K52: 24 | L52: 24 | M52: 21 | N52: 17 | O52: 17 | P52: 15 | Q52: 12 | R52: 11 | S52: 6 | T52: 7 | U52: 8 | V52: 7 | W52: 6 | X52: 3 | Y52: 5 | Z52: 0 | AA52: 4 | AB52: 4 | AC52: 4 | AD52: 5 | AE52: 2 | AF52: 2 | AG52: 2 | AH52: 4 | AI52: 2 | AJ52: 2 | AK52: 3 | AL52: 2 | AM52: 3 | AN52: 2 | AO52: 1 | AP52: 2 | AQ52: 2 | AR52: 2 | AS52: 3 | AT52: 2 | AU52: 2 | AV52: 1 | AW52: 0 | AX52: 3 | AY52: 1 | AZ52: 1 | BA52: 0 | BB52: 1 | BC52: 0 | BD52: 0 | BE52: 0 | BF52: 0 | BG52: 0 | BH52: 2 | BI52: 0 | BJ52: 0 | BK52: 0 | BL52: 1 | BM52: 2 | BN52: 1 | BO52: 1 | BP52: 1 | BQ52: 0 | BR52: 0 | BS52: 0 | DR52: =YEAR($A52) -> 2019
A53: =DATE(YEAR(A52),MONTH(A52)+1,DAY(A52)) -> 43556 | B53: 108 | C53: 205 | D53: 111 | E53: 85 | F53: 24 | G53: 43 | H53: 30 | I53: 25 | J53: 19 | K53: 27 | L53: 24 | M53: 20 | N53: 15 | O53: 9 | P53: 10 | Q53: 13 | R53: 12 | S53: 4 | T53: 9 | U53: 15 | V53: 7 | W53: 1 | X53: 4 | Y53: 7 | Z53: 6 | AA53: 8 | AB53: 6 | AC53: 3 | AD53: 5 | AE53: 3 | AF53: 4 | AG53: 4 | AH53: 1 | AI53: 2 | AJ53: 6 | AK53: 3 | AL53: 1 | AM53: 3 | AN53: 3 | AO53: 1 | AP53: 2 | AQ53: 2 | AR53: 2 | AS53: 4 | AT53: 0 | AU53: 1 | AV53: 4 | AW53: 2 | AX53: 3 | AY53: 2 | AZ53: 0 | BA53: 3 | BB53: 1 | BC53: 2 | BD53: 2 | BE53: 2 | BF53: 1 | BG53: 0 | BH53: 4 | BI53: 1 | BJ53: 2 | BK53: 0 | BL53: 1 | BM53: 0 | BN53: 2 | BO53: 0 | BP53: 0 | BQ53: 0 | BR53: 0 | DR53: =YEAR($A53) -> 2019
A54: =DATE(YEAR(A53),MONTH(A53)+1,DAY(A53)) -> 43586 | B54: 142 | C54: 115 | D54: 202 | E54: 55 | F54: 49 | G54: 46 | H54: 30 | I54: 27 | J54: 29 | K54: 25 | L54: 19 | M54: 23 | N54: 18 | O54: 20 | P54: 16 | Q54: 5 | R54: 9 | S54: 14 | T54: 14 | U54: 9 | V54: 5 | W54: 4 | X54: 4 | Y54: 10 | Z54: 4 | AA54: 5 | AB54: 6 | AC54: 6 | AD54: 4 | AE54: 3 | AF54: 5 | AG54: 3 | AH54: 6 | AI54: 3 | AJ54: 4 | AK54: 5 | AL54: 3 | AM54: 2 | AN54: 3 | AO54: 0 | AP54: 3 | AQ54: 1 | AR54: 4 | AS54: 0 | AT54: 1 | AU54: 2 | AV54: 1 | AW54: 4 | AX54: 1 | AY54: 0 | AZ54: 0 | BA54: 3 | BB54: 2 | BC54: 2 | BD54: 1 | BE54: 0 | BF54: 0 | BG54: 0 | BH54: 0 | BI54: 1 | BJ54: 1 | BK54: 3 | BL54: 0 | BM54: 0 | BN54: 2 | BO54: 0 | BP54: 1 | BQ54: 0 | DR54: =YEAR($A54) -> 2019
A55: =DATE(YEAR(A54),MONTH(A54)+1,DAY(A54)) -> 43617 | B55: 173 | C55: 120 | D55: 140 | E55: 68 | F55: 66 | G55: 41 | H55: 28 | I55: 30 | J55: 28 | K55: 24 | L55: 26 | M55: 23 | N55: 24 | O55: 16 | P55: 12 | Q55: 9 | R55: 14 | S55: 28 | T55: 10 | U55: 7 | V55: 14 | W55: 6 | X55: 3 | Y55: 9 | Z55: 6 | AA55: 3 | AB55: 8 | AC55: 9 | AD55: 1 | AE55: 4 | AF55: 4 | AG55: 4 | AH55: 3 | AI55: 7 | AJ55: 4 | AK55: 6 | AL55: 8 | AM55: 2 | AN55: 1 | AO55: 1 | AP55: 1 | AQ55: 3 | AR55: 2 | AS55: 4 | AT55: 4 | AU55: 0 | AV55: 4 | AW55: 1 | AX55: 3 | AY55: 2 | AZ55: 0 | BA55: 2 | BB55: 4 | BC55: 1 | BD55: 1 | BE55: 1 | BF55: 0 | BG55: 1 | BH55: 0 | BI55: 1 | BJ55: 2 | BK55: 1 | BL55: 2 | BM55: 3 | BN55: 1 | BO55: 0 | BP55: 0 | DR55: =YEAR($A55) -> 2019
A56: =DATE(YEAR(A55),MONTH(A55)+1,DAY(A55)) -> 43647 | B56: 243 | C56: 98 | D56: 191 | E56: 83 | F56: 47 | G56: 49 | H56: 40 | I56: 39 | J56: 30 | K56: 37 | L56: 26 | M56: 22 | N56: 22 | O56: 21 | P56: 15 | Q56: 15 | R56: 25 | S56: 14 | T56: 7 | U56: 8 | V56: 15 | W56: 3 | X56: 7 | Y56: 6 | Z56: 7 | AA56: 2 | AB56: 7 | AC56: 12 | AD56: 7 | AE56: 6 | AF56: 3 | AG56: 1 | AH56: 4 | AI56: 4 | AJ56: 10 | AK56: 6 | AL56: 7 | AM56: 2 | AN56: 5 | AO56: 1 | AP56: 6 | AQ56: 4 | AR56: 2 | AS56: 2 | AT56: 1 | AU56: 2 | AV56: 1 | AW56: 2 | AX56: 3 | AY56: 0 | AZ56: 1 | BA56: 1 | BB56: 1 | BC56: 1 | BD56: 2 | BE56: 0 | BF56: 0 | BG56: 1 | BH56: 0 | BI56: 3 | BJ56: 2 | BK56: 1 | BL56: 0 | BM56: 1 | BN56: 0 | BO56: 0 | DR56: =YEAR($A56) -> 2019
A57: =DATE(YEAR(A56),MONTH(A56)+1,DAY(A56)) -> 43678 | B57: 57 | C57: 95 | D57: 94 | E57: 50 | F57: 29 | G57: 36 | H57: 16 | I57: 20 | J57: 18 | K57: 9 | L57: 16 | M57: 11 | N57: 18 | O57: 11 | P57: 10 | Q57: 9 | R57: 4 | S57: 5 | T57: 5 | U57: 5 | V57: 4 | W57: 5 | X57: 6 | Y57: 4 | Z57: 5 | AA57: 3 | AB57: 3 | AC57: 3 | AD57: 1 | AE57: 1 | AF57: 3 | AG57: 2 | AH57: 0 | AI57: 3 | AJ57: 1 | AK57: 3 | AL57: 1 | AM57: 1 | AN57: 3 | AO57: 0 | AP57: 1 | AQ57: 2 | AR57: 2 | AS57: 1 | AT57: 4 | AU57: 2 | AV57: 0 | AW57: 0 | AX57: 1 | AY57: 1 | AZ57: 2 | BA57: 0 | BB57: 1 | BC57: 1 | BD57: 0 | BE57: 0 | BF57: 0 | BG57: 0 | BH57: 2 | BI57: 0 | BJ57: 2 | BK57: 1 | BL57: 0 | BM57: 0 | BN57: 0 | DR57: =YEAR($A57) -> 2019
A58: =DATE(YEAR(A57),MONTH(A57)+1,DAY(A57)) -> 43709 | B58: 66 | C58: 75 | D58: 67 | E58: 43 | F58: 28 | G58: 26 | H58: 27 | I58: 21 | J58: 9 | K58: 6 | L58: 5 | M58: 9 | N58: 13 | O58: 10 | P58: 22 | Q58: 9 | R58: 5 | S58: 4 | T58: 4 | U58: 3 | V58: 7 | W58: 6 | X58: 4 | Y58: 6 | Z58: 2 | AA58: 0 | AB58: 1 | AC58: 3 | AD58: 1 | AE58: 1 | AF58: 4 | AG58: 3 | AH58: 7 | AI58: 2 | AJ58: 3 | AK58: 8 | AL58: 1 | AM58: 0 | AN58: 1 | AO58: 2 | AP58: 4 | AQ58: 2 | AR58: 1 | AS58: 0 | AT58: 1 | AU58: 3 | AV58: 0 | AW58: 1 | AX58: 1 | AY58: 1 | AZ58: 3 | BA58: 3 | BB58: 1 | BC58: 0 | BD58: 0 | BE58: 2 | BF58: 1 | BG58: 1 | BH58: 2 | BI58: 0 | BJ58: 1 | BK58: 0 | BL58: 0 | BM58: 1 | DR58: =YEAR($A58) -> 2019
A59: =DATE(YEAR(A58),MONTH(A58)+1,DAY(A58)) -> 43739 | B59: 68 | C59: 99 | D59: 84 | E59: 61 | F59: 26 | G59: 36 | H59: 24 | I59: 22 | J59: 17 | K59: 21 | L59: 19 | M59: 7 | N59: 14 | O59: 38 | P59: 8 | Q59: 10 | R59: 9 | S59: 4 | T59: 3 | U59: 7 | V59: 8 | W59: 5 | X59: 5 | Y59: 11 | Z59: 5 | AA59: 3 | AB59: 8 | AC59: 3 | AD59: 3 | AE59: 6 | AF59: 6 | AG59: 3 | AH59: 6 | AI59: 2 | AJ59: 3 | AK59: 1 | AL59: 4 | AM59: 4 | AN59: 0 | AO59: 0 | AP59: 3 | AQ59: 1 | AR59: 2 | AS59: 1 | AT59: 1 | AU59: 3 | AV59: 0 | AW59: 3 | AX59: 1 | AY59: 2 | AZ59: 2 | BA59: 1 | BB59: 0 | BC59: 1 | BD59: 3 | BE59: 2 | BF59: 2 | BG59: 1 | BH59: 5 | BI59: 6 | BJ59: 2 | BK59: 1 | BL59: 0 | DR59: =YEAR($A59) -> 2019
A60: =DATE(YEAR(A59),MONTH(A59)+1,DAY(A59)) -> 43770 | B60: 61 | C60: 95 | D60: 85 | E60: 45 | F60: 42 | G60: 35 | H60: 29 | I60: 20 | J60: 30 | K60: 25 | L60: 13 | M60: 21 | N60: 50 | O60: 14 | P60: 13 | Q60: 9 | R60: 6 | S60: 4 | T60: 9 | U60: 8 | V60: 3 | W60: 7 | X60: 5 | Y60: 9 | Z60: 5 | AA60: 4 | AB60: 2 | AC60: 7 | AD60: 6 | AE60: 1 | AF60: 2 | AG60: 4 | AH60: 7 | AI60: 3 | AJ60: 4 | AK60: 6 | AL60: 2 | AM60: 2 | AN60: 3 | AO60: 0 | AP60: 2 | AQ60: 0 | AR60: 5 | AS60: 7 | AT60: 4 | AU60: 4 | AV60: 0 | AW60: 1 | AX60: 4 | AY60: 3 | AZ60: 1 | BA60: 4 | BB60: 2 | BC60: 4 | BD60: 3 | BE60: 1 | BF60: 3 | BG60: 2 | BH60: 2 | BI60: 1 | BJ60: 0 | BK60: 0 | DR60: =YEAR($A60) -> 2019
A61: =DATE(YEAR(A60),MONTH(A60)+1,DAY(A60)) -> 43800 | B61: 67 | C61: 125 | D61: 68 | E61: 38 | F61: 31 | G61: 26 | H61: 27 | I61: 30 | J61: 20 | K61: 10 | L61: 6 | M61: 47 | N61: 12 | O61: 9 | P61: 16 | Q61: 4 | R61: 10 | S61: 7 | T61: 10 | U61: 5 | V61: 2 | W61: 5 | X61: 7 | Y61: 9 | Z61: 1 | AA61: 2 | AB61: 5 | AC61: 0 | AD61: 6 | AE61: 8 | AF61: 6 | AG61: 4 | AH61: 5 | AI61: 3 | AJ61: 3 | AK61: 4 | AL61: 3 | AM61: 0 | AN61: 2 | AO61: 2 | AP61: 2 | AQ61: 3 | AR61: 1 | AS61: 1 | AT61: 2 | AU61: 2 | AV61: 2 | AW61: 2 | AX61: 2 | AY61: 0 | AZ61: 2 | BA61: 2 | BB61: 3 | BC61: 0 | BD61: 1 | BE61: 2 | BF61: 1 | BG61: 1 | BH61: 0 | BI61: 0 | BJ61: 1 | DR61: =YEAR($A61) -> 2019
A62: =DATE(YEAR(A61),MONTH(A61)+1,DAY(A61)) -> 43831 | B62: 65 | C62: 102 | D62: 77 | E62: 63 | F62: 34 | G62: 39 | H62: 43 | I62: 17 | J62: 18 | K62: 20 | L62: 58 | M62: 21 | N62: 11 | O62: 14 | P62: 14 | Q62: 11 | R62: 12 | S62: 7 | T62: 6 | U62: 9 | V62: 8 | W62: 7 | X62: 7 | Y62: 3 | Z62: 5 | AA62: 5 | AB62: 3 | AC62: 2 | AD62: 1 | AE62: 4 | AF62: 4 | AG62: 4 | AH62: 2 | AI62: 5 | AJ62: 3 | AK62: 2 | AL62: 4 | AM62: 2 | AN62: 3 | AO62: 2 | AP62: 2 | AQ62: 5 | AR62: 2 | AS62: 2 | AT62: 2 | AU62: 0 | AV62: 0 | AW62: 0 | AX62: 2 | AY62: 1 | AZ62: 3 | BA62: 3 | BB62: 3 | BC62: 0 | BD62: 2 | BE62: 0 | BF62: 3 | BG62: 1 | BH62: 2 | BI62: 1 | DR62: =YEAR($A62) -> 2020
A63: =DATE(YEAR(A62),MONTH(A62)+1,DAY(A62)) -> 43862 | B63: 106 | C63: 154 | D63: 100 | E63: 67 | F63: 45 | G63: 41 | H63: 30 | I63: 14 | J63: 16 | K63: 81 | L63: 26 | M63: 16 | N63: 30 | O63: 17 | P63: 14 | Q63: 8 | R63: 16 | S63: 13 | T63: 9 | U63: 10 | V63: 7 | W63: 4 | X63: 6 | Y63: 6 | Z63: 3 | AA63: 3 | AB63: 2 | AC63: 6 | AD63: 6 | AE63: 7 | AF63: 4 | AG63: 2 | AH63: 2 | AI63: 3 | AJ63: 2 | AK63: 3 | AL63: 3 | AM63: 2 | AN63: 1 | AO63: 2 | AP63: 1 | AQ63: 2 | AR63: 1 | AS63: 1 | AT63: 0 | AU63: 1 | AV63: 1 | AW63: 1 | AX63: 2 | AY63: 3 | AZ63: 2 | BA63: 1 | BB63: 0 | BC63: 3 | BD63: 0 | BE63: 0 | BF63: 2 | BG63: 0 | BH63: 0 | DR63: =YEAR($A63) -> 2020
A64: =DATE(YEAR(A63),MONTH(A63)+1,DAY(A63)) -> 43891 | B64: 107 | C64: 126 | D64: 106 | E64: 54 | F64: 57 | G64: 41 | H64: 19 | I64: 24 | J64: 72 | K64: 26 | L64: 27 | M64: 24 | N64: 14 | O64: 13 | P64: 19 | Q64: 13 | R64: 8 | S64: 11 | T64: 9 | U64: 10 | V64: 5 | W64: 7 | X64: 4 | Y64: 7 | Z64: 10 | AA64: 6 | AB64: 4 | AC64: 5 | AD64: 5 | AE64: 8 | AF64: 4 | AG64: 5 | AH64: 6 | AI64: 0 | AJ64: 2 | AK64: 4 | AL64: 0 | AM64: 3 | AN64: 3 | AO64: 4 | AP64: 0 | AQ64: 1 | AR64: 5 | AS64: 3 | AT64: 1 | AU64: 0 | AV64: 0 | AW64: 1 | AX64: 2 | AY64: 3 | AZ64: 3 | BA64: 2 | BB64: 0 | BC64: 1 | BD64: 2 | BE64: 0 | BF64: 1 | BG64: 0 | DR64: =YEAR($A64) -> 2020
A65: =DATE(YEAR(A64),MONTH(A64)+1,DAY(A64)) -> 43922 | B65: 96 | C65: 131 | D65: 104 | E65: 80 | F65: 37 | G65: 17 | H65: 27 | I65: 93 | J65: 25 | K65: 23 | L65: 23 | M65: 18 | N65: 25 | O65: 20 | P65: 16 | Q65: 18 | R65: 13 | S65: 9 | T65: 6 | U65: 12 | V65: 9 | W65: 7 | X65: 6 | Y65: 4 | Z65: 13 | AA65: 10 | AB65: 8 | AC65: 11 | AD65: 4 | AE65: 5 | AF65: 4 | AG65: 6 | AH65: 7 | AI65: 4 | AJ65: 4 | AK65: 4 | AL65: 3 | AM65: 2 | AN65: 6 | AO65: 1 | AP65: 1 | AQ65: 1 | AR65: 2 | AS65: 0 | AT65: 1 | AU65: 2 | AV65: 2 | AW65: 0 | AX65: 3 | AY65: 1 | AZ65: 2 | BA65: 1 | BB65: 2 | BC65: 2 | BD65: 0 | BE65: 0 | BF65: 0 | DR65: =YEAR($A65) -> 2020
A66: =DATE(YEAR(A65),MONTH(A65)+1,DAY(A65)) -> 43952 | B66: 67 | C66: 121 | D66: 97 | E66: 51 | F66: 33 | G66: 40 | H66: 128 | I66: 28 | J66: 23 | K66: 16 | L66: 17 | M66: 20 | N66: 20 | O66: 17 | P66: 10 | Q66: 9 | R66: 15 | S66: 11 | T66: 15 | U66: 5 | V66: 2 | W66: 7 | X66: 5 | Y66: 6 | Z66: 6 | AA66: 6 | AB66: 5 | AC66: 4 | AD66: 4 | AE66: 1 | AF66: 7 | AG66: 1 | AH66: 5 | AI66: 1 | AJ66: 4 | AK66: 3 | AL66: 3 | AM66: 1 | AN66: 1 | AO66: 0 | AP66: 2 | AQ66: 1 | AR66: 4 | AS66: 1 | AT66: 1 | AU66: 2 | AV66: 2 | AW66: 2 | AX66: 4 | AY66: 0 | AZ66: 1 | BA66: 0 | BB66: 0 | BC66: 0 | BD66: 0 | BE66: 0 | DR66: =YEAR($A66) -> 2020
A67: =DATE(YEAR(A66),MONTH(A66)+1,DAY(A66)) -> 43983 | B67: 74 | C67: 119 | D67: 77 | E67: 36 | F67: 29 | G67: 123 | H67: 26 | I67: 24 | J67: 20 | K67: 16 | L67: 12 | M67: 17 | N67: 21 | O67: 6 | P67: 9 | Q67: 9 | R67: 5 | S67: 10 | T67: 11 | U67: 3 | V67: 4 | W67: 7 | X67: 11 | Y67: 20 | Z67: 3 | AA67: 4 | AB67: 3 | AC67: 1 | AD67: 0 | AE67: 2 | AF67: 1 | AG67: 2 | AH67: 0 | AI67: 1 | AJ67: 3 | AK67: 4 | AL67: 2 | AM67: 2 | AN67: 0 | AO67: 0 | AP67: 3 | AQ67: 2 | AR67: 2 | AS67: 0 | AT67: 0 | AU67: 1 | AV67: 1 | AW67: 2 | AX67: 1 | AY67: 1 | AZ67: 3 | BA67: 0 | BB67: 1 | BC67: 0 | BD67: 0 | DR67: =YEAR($A67) -> 2020
A68: =DATE(YEAR(A67),MONTH(A67)+1,DAY(A67)) -> 44013 | B68: 77 | C68: 107 | D68: 59 | E68: 41 | F68: 80 | G68: 25 | H68: 24 | I68: 24 | J68: 26 | K68: 20 | L68: 22 | M68: 19 | N68: 18 | O68: 12 | P68: 11 | Q68: 13 | R68: 6 | S68: 6 | T68: 6 | U68: 8 | V68: 7 | W68: 5 | X68: 5 | Y68: 9 | Z68: 8 | AA68: 4 | AB68: 3 | AC68: 2 | AD68: 3 | AE68: 1 | AF68: 1 | AG68: 3 | AH68: 1 | AI68: 3 | AJ68: 5 | AK68: 4 | AL68: 5 | AM68: 2 | AN68: 0 | AO68: 0 | AP68: 0 | AQ68: 2 | AR68: 1 | AS68: 1 | AT68: 0 | AU68: 2 | AV68: 2 | AW68: 0 | AX68: 0 | AY68: 2 | AZ68: 0 | BA68: 1 | BB68: 0 | BC68: 0 | DR68: =YEAR($A68) -> 2020
A69: =DATE(YEAR(A68),MONTH(A68)+1,DAY(A68)) -> 44044 | B69: 15 | C69: 33 | D69: 19 | E69: 33 | F69: 15 | G69: 25 | H69: 20 | I69: 21 | J69: 18 | K69: 8 | L69: 15 | M69: 10 | N69: 6 | O69: 10 | P69: 10 | Q69: 4 | R69: 7 | S69: 5 | T69: 2 | U69: 2 | V69: 4 | W69: 3 | X69: 2 | Y69: 5 | Z69: 3 | AA69: 2 | AB69: 1 | AC69: 5 | AD69: 0 | AE69: 1 | AF69: 2 | AG69: 0 | AH69: 1 | AI69: 2 | AJ69: 2 | AK69: 2 | AL69: 1 | AM69: 1 | AN69: 0 | AO69: 1 | AP69: 0 | AQ69: 2 | AR69: 1 | AS69: 0 | AT69: 1 | AU69: 1 | AV69: 1 | AW69: 0 | AX69: 1 | AY69: 1 | AZ69: 1 | BA69: 0 | BB69: 0 | DR69: =YEAR($A69) -> 2020
A70: =DATE(YEAR(A69),MONTH(A69)+1,DAY(A69)) -> 44075 | B70: 19 | C70: 44 | D70: 114 | E70: 15 | F70: 9 | G70: 20 | H70: 15 | I70: 11 | J70: 12 | K70: 17 | L70: 7 | M70: 9 | N70: 12 | O70: 6 | P70: 9 | Q70: 3 | R70: 2 | S70: 4 | T70: 3 | U70: 5 | V70: 4 | W70: 10 | X70: 2 | Y70: 2 | Z70: 3 | AA70: 3 | AB70: 3 | AC70: 1 | AD70: 2 | AE70: 3 | AF70: 1 | AG70: 2 | AH70: 1 | AI70: 3 | AJ70: 0 | AK70: 3 | AL70: 0 | AM70: 1 | AN70: 0 | AO70: 2 | AP70: 2 | AQ70: 0 | AR70: 1 | AS70: 0 | AT70: 1 | AU70: 0 | AV70: 0 | AW70: 1 | AX70: 1 | AY70: 1 | AZ70: 0 | BA70: 0 | DR70: =YEAR($A70) -> 2020
A71: =DATE(YEAR(A70),MONTH(A70)+1,DAY(A70)) -> 44105 | B71: 35 | C71: 186 | D71: 30 | E71: 28 | F71: 29 | G71: 33 | H71: 24 | I71: 28 | J71: 17 | K71: 17 | L71: 15 | M71: 18 | N71: 12 | O71: 11 | P71: 13 | Q71: 5 | R71: 3 | S71: 3 | T71: 8 | U71: 5 | V71: 10 | W71: 7 | X71: 3 | Y71: 4 | Z71: 5 | AA71: 3 | AB71: 4 | AC71: 0 | AD71: 1 | AE71: 2 | AF71: 4 | AG71: 2 | AH71: 2 | AI71: 3 | AJ71: 3 | AK71: 1 | AL71: 2 | AM71: 1 | AN71: 2 | AO71: 1 | AP71: 0 | AQ71: 2 | AR71: 0 | AS71: 1 | AT71: 0 | AU71: 2 | AV71: 1 | AW71: 0 | AX71: 1 | AY71: 1 | AZ71: 0 | DR71: =YEAR($A71) -> 2020
A72: =DATE(YEAR(A71),MONTH(A71)+1,DAY(A71)) -> 44136 | B72: 35 | C72: 40 | D72: 32 | E72: 24 | F72: 23 | G72: 24 | H72: 14 | I72: 23 | J72: 6 | K72: 6 | L72: 11 | M72: 10 | N72: 11 | O72: 5 | P72: 7 | Q72: 4 | R72: 6 | S72: 4 | T72: 5 | U72: 5 | V72: 9 | W72: 5 | X72: 1 | Y72: 3 | Z72: 4 | AA72: 3 | AB72: 2 | AC72: 2 | AD72: 0 | AE72: 3 | AF72: 1 | AG72: 3 | AH72: 3 | AI72: 2 | AJ72: 1 | AK72: 2 | AL72: 1 | AM72: 1 | AN72: 0 | AO72: 0 | AP72: 2 | AQ72: 2 | AR72: 1 | AS72: 2 | AT72: 2 | AU72: 0 | AV72: 1 | AW72: 1 | AX72: 0 | AY72: 0 | DR72: =YEAR($A72) -> 2020
A73: =DATE(YEAR(A72),MONTH(A72)+1,DAY(A72)) -> 44166 | B73: 16 | C73: 14 | D73: 18 | E73: 4 | F73: 7 | G73: 3 | H73: 4 | I73: 4 | J73: 2 | K73: 8 | L73: 3 | M73: 5 | N73: 6 | O73: 6 | P73: 2 | Q73: 5 | R73: 7 | S73: 3 | T73: 1 | U73: 1 | V73: 1 | W73: 3 | X73: 0 | Y73: 0 | Z73: 2 | AA73: 1 | AB73: 1 | AC73: 0 | AD73: 1 | AE73: 2 | AF73: 1 | AG73: 0 | AH73: 0 | AI73: 3 | AJ73: 1 | AK73: 0 | AL73: 1 | AM73: 0 | AN73: 1 | AO73: 2 | AP73: 0 | AQ73: 1 | AR73: 0 | AS73: 1 | AT73: 0 | AU73: 1 | AV73: 0 | AW73: 1 | AX73: 0 | DR73: =YEAR($A73) -> 2020
A74: =DATE(YEAR(A73),MONTH(A73)+1,DAY(A73)) -> 44197 | B74: 9 | C74: 12 | D74: 12 | E74: 8 | F74: 6 | G74: 8 | H74: 8 | I74: 10 | J74: 8 | K74: 7 | L74: 4 | M74: 5 | N74: 6 | O74: 5 | P74: 1 | Q74: 5 | R74: 0 | S74: 1 | T74: 1 | U74: 1 | V74: 3 | W74: 2 | X74: 3 | Y74: 1 | Z74: 0 | AA74: 1 | AB74: 0 | AC74: 0 | AD74: 3 | AE74: 0 | AF74: 1 | AG74: 0 | AH74: 0 | AI74: 0 | AJ74: 1 | AK74: 1 | AL74: 0 | AM74: 2 | AN74: 1 | AO74: 1 | AP74: 0 | AQ74: 2 | AR74: 0 | AS74: 2 | AT74: 0 | AU74: 0 | AV74: 0 | AW74: 0 | DR74: =YEAR($A74) -> 2021
A75: =DATE(YEAR(A74),MONTH(A74)+1,DAY(A74)) -> 44228 | B75: 25 | C75: 22 | D75: 42 | E75: 17 | F75: 10 | G75: 11 | H75: 13 | I75: 11 | J75: 4 | K75: 4 | L75: 10 | M75: 8 | N75: 2 | O75: 2 | P75: 6 | Q75: 8 | R75: 2 | S75: 4 | T75: 4 | U75: 1 | V75: 1 | W75: 1 | X75: 3 | Y75: 1 | Z75: 2 | AA75: 0 | AB75: 1 | AC75: 3 | AD75: 0 | AE75: 0 | AF75: 1 | AG75: 0 | AH75: 0 | AI75: 0 | AJ75: 0 | AK75: 1 | AL75: 0 | AM75: 1 | AN75: 0 | AO75: 1 | AP75: 1 | AQ75: 0 | AR75: 2 | AS75: 0 | AT75: 0 | AU75: 0 | AV75: 0 | DR75: =YEAR($A75) -> 2021
A76: =DATE(YEAR(A75),MONTH(A75)+1,DAY(A75)) -> 44256 | B76: 19 | C76: 17 | D76: 38 | E76: 8 | F76: 14 | G76: 19 | H76: 10 | I76: 7 | J76: 16 | K76: 10 | L76: 4 | M76: 6 | N76: 6 | O76: 5 | P76: 6 | Q76: 3 | R76: 2 | S76: 3 | T76: 0 | U76: 4 | V76: 2 | W76: 0 | X76: 0 | Y76: 3 | Z76: 3 | AA76: 2 | AB76: 3 | AC76: 1 | AD76: 2 | AE76: 1 | AF76: 0 | AG76: 0 | AH76: 1 | AI76: 2 | AJ76: 2 | AK76: 0 | AL76: 1 | AM76: 1 | AN76: 0 | AO76: 1 | AP76: 0 | AQ76: 1 | AR76: 0 | AS76: 0 | AT76: 1 | AU76: 0 | DR76: =YEAR($A76) -> 2021
A77: =DATE(YEAR(A76),MONTH(A76)+1,DAY(A76)) -> 44287 | B77: 19 | C77: 18 | D77: 27 | E77: 11 | F77: 9 | G77: 7 | H77: 10 | I77: 3 | J77: 9 | K77: 2 | L77: 9 | M77: 6 | N77: 2 | O77: 5 | P77: 4 | Q77: 2 | R77: 3 | S77: 3 | T77: 1 | U77: 0 | V77: 1 | W77: 0 | X77: 2 | Y77: 3 | Z77: 0 | AA77: 0 | AB77: 3 | AC77: 0 | AD77: 1 | AE77: 0 | AF77: 0 | AG77: 1 | AH77: 0 | AI77: 0 | AJ77: 0 | AK77: 0 | AL77: 0 | AM77: 2 | AN77: 0 | AO77: 0 | AP77: 1 | AQ77: 0 | AR77: 0 | AS77: 0 | AT77: 0 | DR77: =YEAR($A77) -> 2021
A78: =DATE(YEAR(A77),MONTH(A77)+1,DAY(A77)) -> 44317 | B78: 34 | C78: 15 | D78: 53 | E78: 13 | F78: 22 | G78: 15 | H78: 9 | I78: 14 | J78: 5 | K78: 6 | L78: 6 | M78: 3 | N78: 8 | O78: 1 | P78: 4 | Q78: 2 | R78: 5 | S78: 3 | T78: 3 | U78: 0 | V78: 3 | W78: 0 | X78: 1 | Y78: 1 | Z78: 1 | AA78: 1 | AB78: 1 | AC78: 2 | AD78: 1 | AE78: 0 | AF78: 1 | AG78: 1 | AH78: 2 | AI78: 0 | AJ78: 0 | AK78: 1 | AL78: 0 | AM78: 1 | AN78: 1 | AO78: 1 | AP78: 1 | AQ78: 0 | AR78: 0 | AS78: 0 | DR78: =YEAR($A78) -> 2021
A79: =DATE(YEAR(A78),MONTH(A78)+1,DAY(A78)) -> 44348 | B79: 22 | C79: 17 | D79: 38 | E79: 19 | F79: 18 | G79: 12 | H79: 10 | I79: 13 | J79: 12 | K79: 7 | L79: 11 | M79: 3 | N79: 10 | O79: 5 | P79: 3 | Q79: 3 | R79: 2 | S79: 6 | T79: 2 | U79: 3 | V79: 2 | W79: 6 | X79: 3 | Y79: 3 | Z79: 0 | AA79: 2 | AB79: 2 | AC79: 0 | AD79: 0 | AE79: 1 | AF79: 1 | AG79: 2 | AH79: 1 | AI79: 1 | AJ79: 0 | AK79: 3 | AL79: 0 | AM79: 1 | AN79: 0 | AO79: 0 | AP79: 0 | AQ79: 0 | AR79: 0 | DR79: =YEAR($A79) -> 2021
A80: =DATE(YEAR(A79),MONTH(A79)+1,DAY(A79)) -> 44378 | B80: 28 | C80: 7 | D80: 27 | E80: 11 | F80: 11 | G80: 11 | H80: 7 | I80: 4 | J80: 8 | K80: 2 | L80: 10 | M80: 6 | N80: 7 | O80: 7 | P80: 6 | Q80: 4 | R80: 1 | S80: 2 | T80: 3 | U80: 0 | V80: 0 | W80: 2 | X80: 1 | Y80: 0 | Z80: 1 | AA80: 0 | AB80: 1 | AC80: 0 | AD80: 1 | AE80: 1 | AF80: 0 | AG80: 1 | AH80: 1 | AI80: 0 | AJ80: 1 | AK80: 3 | AL80: 4 | AM80: 1 | AN80: 3 | AO80: 0 | AP80: 0 | AQ80: 0 | DR80: =YEAR($A80) -> 2021
A81: =DATE(YEAR(A80),MONTH(A80)+1,DAY(A80)) -> 44409 | B81: 17 | C81: 14 | D81: 19 | E81: 8 | F81: 4 | G81: 3 | H81: 4 | I81: 2 | J81: 3 | K81: 4 | L81: 2 | M81: 0 | N81: 1 | O81: 0 | P81: 5 | Q81: 2 | R81: 2 | S81: 0 | T81: 1 | U81: 1 | V81: 1 | W81: 1 | X81: 0 | Y81: 1 | Z81: 0 | AA81: 0 | AB81: 1 | AC81: 0 | AD81: 1 | AE81: 0 | AF81: 2 | AG81: 0 | AH81: 0 | AI81: 1 | AJ81: 0 | AK81: 0 | AL81: 0 | AM81: 0 | AN81: 0 | AO81: 0 | AP81: 0 | DR81: =YEAR($A81) -> 2021
A82: =DATE(YEAR(A81),MONTH(A81)+1,DAY(A81)) -> 44440 | B82: 15 | C82: 18 | D82: 29 | E82: 8 | F82: 6 | G82: 5 | H82: 3 | I82: 3 | J82: 4 | K82: 6 | L82: 6 | M82: 2 | N82: 4 | O82: 2 | P82: 1 | Q82: 1 | R82: 0 | S82: 1 | T82: 1 | U82: 4 | V82: 0 | W82: 2 | X82: 1 | Y82: 0 | Z82: 2 | AA82: 3 | AB82: 3 | AC82: 1 | AD82: 2 | AE82: 0 | AF82: 1 | AG82: 1 | AH82: 0 | AI82: 0 | AJ82: 0 | AK82: 2 | AL82: 1 | AM82: 1 | AN82: 0 | AO82: 0 | DR82: =YEAR($A82) -> 2021
A83: =DATE(YEAR(A82),MONTH(A82)+1,DAY(A82)) -> 44470 | B83: 40 | C83: 22 | D83: 21 | E83: 5 | F83: 9 | G83: 7 | H83: 6 | I83: 6 | J83: 7 | K83: 6 | L83: 2 | M83: 3 | N83: 1 | O83: 2 | P83: 0 | Q83: 0 | R83: 0 | S83: 0 | T83: 2 | U83: 3 | V83: 0 | W83: 0 | X83: 0 | Y83: 0 | Z83: 0 | AA83: 2 | AB83: 2 | AC83: 0 | AD83: 3 | AE83: 0 | AF83: 1 | AG83: 3 | AH83: 1 | AI83: 1 | AJ83: 1 | AK83: 1 | AL83: 0 | AM83: 0 | AN83: 0 | DR83: =YEAR($A83) -> 2021
A84: =DATE(YEAR(A83),MONTH(A83)+1,DAY(A83)) -> 44501 | B84: 6 | C84: 25 | D84: 5 | E84: 4 | F84: 10 | G84: 2 | H84: 2 | I84: 1 | J84: 5 | K84: 1 | L84: 1 | M84: 4 | N84: 4 | O84: 2 | P84: 1 | Q84: 2 | R84: 0 | S84: 4 | T84: 0 | U84: 1 | V84: 1 | W84: 0 | X84: 1 | Y84: 1 | Z84: 0 | AA84: 1 | AB84: 0 | AC84: 0 | AD84: 1 | AE84: 0 | AF84: 1 | AG84: 0 | AH84: 0 | AI84: 0 | AJ84: 1 | AK84: 0 | AL84: 0 | AM84: 0 | DR84: =YEAR($A84) -> 2021
A85: =DATE(YEAR(A84),MONTH(A84)+1,DAY(A84)) -> 44531 | B85: 15 | C85: 9 | D85: 23 | E85: 11 | F85: 6 | G85: 6 | H85: 6 | I85: 1 | J85: 2 | K85: 4 | L85: 2 | M85: 3 | N85: 5 | O85: 3 | P85: 2 | Q85: 2 | R85: 1 | S85: 3 | T85: 2 | U85: 1 | V85: 0 | W85: 1 | X85: 0 | Y85: 1 | Z85: 1 | AA85: 0 | AB85: 0 | AC85: 2 | AD85: 1 | AE85: 3 | AF85: 1 | AG85: 2 | AH85: 1 | AI85: 1 | AJ85: 1 | AK85: 0 | AL85: 0 | DR85: =YEAR($A85) -> 2021
A86: =DATE(YEAR(A85),MONTH(A85)+1,DAY(A85)) -> 44562 | B86: 13 | C86: 20 | D86: 15 | E86: 6 | F86: 5 | G86: 7 | H86: 11 | I86: 6 | J86: 4 | K86: 5 | L86: 4 | M86: 2 | N86: 5 | O86: 4 | P86: 1 | Q86: 3 | R86: 5 | S86: 3 | T86: 3 | U86: 2 | V86: 1 | W86: 2 | X86: 0 | Y86: 2 | Z86: 2 | AA86: 4 | AB86: 0 | AC86: 0 | AD86: 2 | AE86: 1 | AF86: 0 | AG86: 0 | AH86: 1 | AI86: 1 | AJ86: 0 | AK86: 0 | DR86: =YEAR($A86) -> 2022
A87: =DATE(YEAR(A86),MONTH(A86)+1,DAY(A86)) -> 44593 | B87: 24 | C87: 21 | D87: 11 | E87: 11 | F87: 10 | G87: 9 | H87: 9 | I87: 4 | J87: 6 | K87: 6 | L87: 0 | M87: 7 | N87: 3 | O87: 7 | P87: 4 | Q87: 2 | R87: 4 | S87: 2 | T87: 3 | U87: 3 | V87: 1 | W87: 2 | X87: 2 | Y87: 2 | Z87: 2 | AA87: 3 | AB87: 0 | AC87: 0 | AD87: 0 | AE87: 1 | AF87: 1 | AG87: 1 | AH87: 0 | AI87: 1 | AJ87: 1 | DR87: =YEAR($A87) -> 2022
A88: =DATE(YEAR(A87),MONTH(A87)+1,DAY(A87)) -> 44621 | B88: 19 | C88: 11 | D88: 7 | E88: 13 | F88: 12 | G88: 8 | H88: 9 | I88: 7 | J88: 8 | K88: 4 | L88: 7 | M88: 8 | N88: 6 | O88: 12 | P88: 3 | Q88: 3 | R88: 4 | S88: 4 | T88: 3 | U88: 0 | V88: 2 | W88: 1 | X88: 0 | Y88: 2 | Z88: 3 | AA88: 1 | AB88: 1 | AC88: 2 | AD88: 2 | AE88: 4 | AF88: 0 | AG88: 0 | AH88: 1 | AI88: 0 | DR88: =YEAR($A88) -> 2022
A89: =DATE(YEAR(A88),MONTH(A88)+1,DAY(A88)) -> 44652 | B89: 25 | C89: 18 | D89: 15 | E89: 23 | F89: 13 | G89: 12 | H89: 7 | I89: 12 | J89: 8 | K89: 4 | L89: 9 | M89: 8 | N89: 7 | O89: 5 | P89: 1 | Q89: 2 | R89: 2 | S89: 4 | T89: 1 | U89: 3 | V89: 6 | W89: 0 | X89: 1 | Y89: 3 | Z89: 1 | AA89: 2 | AB89: 1 | AC89: 1 | AD89: 0 | AE89: 3 | AF89: 5 | AG89: 0 | AH89: 0 | DR89: =YEAR($A89) -> 2022
A90: =DATE(YEAR(A89),MONTH(A89)+1,DAY(A89)) -> 44682 | B90: 19 | C90: 17 | D90: 21 | E90: 9 | F90: 9 | G90: 4 | H90: 11 | I90: 7 | J90: 10 | K90: 6 | L90: 5 | M90: 7 | N90: 6 | O90: 8 | P90: 4 | Q90: 3 | R90: 4 | S90: 3 | T90: 2 | U90: 4 | V90: 1 | W90: 0 | X90: 3 | Y90: 5 | Z90: 2 | AA90: 3 | AB90: 3 | AC90: 2 | AD90: 1 | AE90: 1 | AF90: 0 | AG90: 0 | DR90: =YEAR($A90) -> 2022
A91: =DATE(YEAR(A90),MONTH(A90)+1,DAY(A90)) -> 44713 | B91: 23 | C91: 35 | D91: 23 | E91: 10 | F91: 9 | G91: 7 | H91: 6 | I91: 6 | J91: 5 | K91: 7 | L91: 3 | M91: 11 | N91: 2 | O91: 5 | P91: 4 | Q91: 2 | R91: 6 | S91: 4 | T91: 2 | U91: 4 | V91: 3 | W91: 1 | X91: 1 | Y91: 4 | Z91: 4 | AA91: 1 | AB91: 1 | AC91: 1 | AD91: 2 | AE91: 0 | AF91: 1 | DR91: =YEAR($A91) -> 2022
A92: =DATE(YEAR(A91),MONTH(A91)+1,DAY(A91)) -> 44743 | B92: 37 | C92: 25 | D92: 19 | E92: 17 | F92: 12 | G92: 9 | H92: 11 | I92: 12 | J92: 11 | K92: 12 | L92: 11 | M92: 9 | N92: 8 | O92: 4 | P92: 3 | Q92: 2 | R92: 2 | S92: 3 | T92: 2 | U92: 6 | V92: 3 | W92: 4 | X92: 5 | Y92: 1 | Z92: 2 | AA92: 0 | AB92: 2 | AC92: 1 | AD92: 1 | AE92: 1 | DR92: =YEAR($A92) -> 2022
A93: =DATE(YEAR(A92),MONTH(A92)+1,DAY(A92)) -> 44774 | B93: 15 | C93: 17 | D93: 18 | E93: 18 | F93: 9 | G93: 7 | H93: 12 | I93: 2 | J93: 9 | K93: 8 | L93: 7 | M93: 4 | N93: 2 | O93: 4 | P93: 1 | Q93: 1 | R93: 2 | S93: 5 | T93: 2 | U93: 3 | V93: 2 | W93: 2 | X93: 1 | Y93: 3 | Z93: 2 | AA93: 0 | AB93: 1 | AC93: 1 | AD93: 0 | DR93: =YEAR($A93) -> 2022
A94: =DATE(YEAR(A93),MONTH(A93)+1,DAY(A93)) -> 44805 | B94: 16 | C94: 15 | D94: 18 | E94: 8 | F94: 6 | G94: 5 | H94: 8 | I94: 2 | J94: 3 | K94: 4 | L94: 1 | M94: 4 | N94: 2 | O94: 2 | P94: 1 | Q94: 3 | R94: 2 | S94: 1 | T94: 3 | U94: 3 | V94: 0 | W94: 1 | X94: 0 | Y94: 0 | Z94: 0 | AA94: 1 | AB94: 2 | AC94: 0 | DR94: =YEAR($A94) -> 2022
A95: =DATE(YEAR(A94),MONTH(A94)+1,DAY(A94)) -> 44835 | B95: 17 | C95: 20 | D95: 19 | E95: 8 | F95: 12 | G95: 7 | H95: 6 | I95: 7 | J95: 4 | K95: 9 | L95: 9 | M95: 6 | N95: 4 | O95: 4 | P95: 4 | Q95: 3 | R95: 3 | S95: 1 | T95: 4 | U95: 1 | V95: 3 | W95: 1 | X95: 0 | Y95: 0 | Z95: 1 | AA95: 0 | AB95: 0 | DR95: =YEAR($A95) -> 2022
A96: =DATE(YEAR(A95),MONTH(A95)+1,DAY(A95)) -> 44866 | B96: 21 | C96: 13 | D96: 17 | E96: 16 | F96: 11 | G96: 10 | H96: 7 | I96: 11 | J96: 9 | K96: 8 | L96: 7 | M96: 8 | N96: 1 | O96: 4 | P96: 2 | Q96: 3 | R96: 0 | S96: 3 | T96: 4 | U96: 1 | V96: 3 | W96: 1 | X96: 2 | Y96: 1 | Z96: 0 | AA96: 2 | DR96: =YEAR($A96) -> 2022
A97: =DATE(YEAR(A96),MONTH(A96)+1,DAY(A96)) -> 44896 | B97: 31 | C97: 28 | D97: 27 | E97: 13 | F97: 19 | G97: 17 | H97: 7 | I97: 22 | J97: 8 | K97: 8 | L97: 10 | M97: 8 | N97: 4 | O97: 3 | P97: 3 | Q97: 6 | R97: 2 | S97: 3 | T97: 1 | U97: 4 | V97: 0 | W97: 4 | X97: 0 | Y97: 0 | Z97: 0 | DR97: =YEAR($A97) -> 2022
A98: =DATE(YEAR(A97),MONTH(A97)+1,DAY(A97)) -> 44927 | B98: 28 | C98: 34 | D98: 20 | E98: 20 | F98: 20 | G98: 8 | H98: 11 | I98: 5 | J98: 6 | K98: 5 | L98: 10 | M98: 5 | N98: 3 | O98: 5 | P98: 6 | Q98: 6 | R98: 3 | S98: 2 | T98: 3 | U98: 1 | V98: 2 | W98: 1 | X98: 1 | Y98: 0 | DR98: =YEAR($A98) -> 2023
A99: =DATE(YEAR(A98),MONTH(A98)+1,DAY(A98)) -> 44958 | B99: 40 | C99: 26 | D99: 34 | E99: 30 | F99: 21 | G99: 11 | H99: 4 | I99: 5 | J99: 11 | K99: 4 | L99: 6 | M99: 4 | N99: 3 | O99: 5 | P99: 3 | Q99: 6 | R99: 2 | S99: 6 | T99: 0 | U99: 3 | V99: 0 | W99: 0 | X99: 3 | DR99: =YEAR($A99) -> 2023
A100: =DATE(YEAR(A99),MONTH(A99)+1,DAY(A99)) -> 44986 | B100: 43 | C100: 41 | D100: 60 | E100: 19 | F100: 15 | G100: 9 | H100: 2 | I100: 7 | J100: 8 | K100: 9 | L100: 6 | M100: 6 | N100: 5 | O100: 4 | P100: 2 | Q100: 4 | R100: 6 | S100: 3 | T100: 1 | U100: 0 | V100: 2 | W100: 1 | DR100: =YEAR($A100) -> 2023
...

Sheet Death_data
A1: 1st of Commencement month (DD/MM/YYYY) | B1: Claims in Month 1 | C1: Claims in Month 2 | D1: Claims in Month 3 | E1: Claims in Month 4 | F1: Claims in Month 5 | G1: Claims in Month 6 | H1: Claims in Month 7 | I1: Claims in Month 8 | J1: Claims in Month 9 | K1: Claims in Month 10 | L1: Claims in Month 11 | M1: Claims in Month 12 | N1: Claims in Year 2 | O1: Claims in Year 3 | P1: Claims in Year 4 | Q1: Claims in Year 5 | R1: Claims in Year 6 | S1: Claims in Year 7 | T1: Claims in Year 8 | U1: Claims in Year 9 | V1: Claims in Year 10
A2: 42005 | B2: 0 | C2: 0 | D2: 0 | E2: 0 | F2: 0 | G2: 0 | H2: 0 | I2: 0 | J2: 0 | K2: 0 | L2: 0 | M2: 0 | N2: 0 | O2: 0 | P2: 0 | Q2: 0 | R2: 0 | S2: 0 | T2: 0 | U2: 0 | V2: 0
A3: =DATE(YEAR(A2),MONTH(A2)+1,DAY(A2)) -> 42036 | B3: 0 | C3: 0 | D3: 0 | E3: 0 | F3: 0 | G3: 0 | H3: 0 | I3: 1 | J3: 0 | K3: 0 | L3: 0 | M3: 0 | N3: 0 | O3: 0 | P3: 0 | Q3: 0 | R3: 0 | S3: 0 | T3: 0 | U3: 0 | V3: 0
A4: =DATE(YEAR(A3),MONTH(A3)+1,DAY(A3)) -> 42064 | B4: 0 | C4: 0 | D4: 0 | E4: 0 | F4: 0 | G4: 0 | H4: 0 | I4: 1 | J4: 0 | K4: 0 | L4: 0 | M4: 0 | N4: 0 | O4: 0 | P4: 0 | Q4: 0 | R4: 0 | S4: 0 | T4: 0 | U4: 0 | V4: 0
A5: =DATE(YEAR(A4),MONTH(A4)+1,DAY(A4)) -> 42095 | B5: 0 | C5: 0 | D5: 1 | E5: 1 | F5: 0 | G5: 0 | H5: 0 | I5: 0 | J5: 0 | K5: 0 | L5: 0 | M5: 0 | N5: 0 | O5: 1 | P5: 0 | Q5: 0 | R5: 1 | S5: 0 | T5: 1 | U5: 0 | V5: 0
A6: =DATE(YEAR(A5),MONTH(A5)+1,DAY(A5)) -> 42125 | B6: 0 | C6: 0 | D6: 0 | E6: 1 | F6: 0 | G6: 0 | H6: 0 | I6: 0 | J6: 1 | K6: 0 | L6: 0 | M6: 0 | N6: 0 | O6: 0 | P6: 0 | Q6: 0 | R6: 1 | S6: 0 | T6: 0 | U6: 0 | V6: 0
A7: =DATE(YEAR(A6),MONTH(A6)+1,DAY(A6)) -> 42156 | B7: 0 | C7: 0 | D7: 0 | E7: 0 | F7: 0 | G7: 0 | H7: 0 | I7: 0 | J7: 0 | K7: 0 | L7: 0 | M7: 1 | N7: 1 | O7: 2 | P7: 1 | Q7: 0 | R7: 0 | S7: 0 | T7: 1 | U7: 0 | V7: 0
A8: =DATE(YEAR(A7),MONTH(A7)+1,DAY(A7)) -> 42186 | B8: 1 | C8: 0 | D8: 0 | E8: 1 | F8: 0 | G8: 0 | H8: 0 | I8: 0 | J8: 0 | K8: 0 | L8: 0 | M8: 0 | N8: 0 | O8: 1 | P8: 2 | Q8: 1 | R8: 0 | S8: 0 | T8: 0 | U8: 1 | V8: 0
A9: =DATE(YEAR(A8),MONTH(A8)+1,DAY(A8)) -> 42217 | B9: 0 | C9: 1 | D9: 0 | E9: 1 | F9: 0 | G9: 0 | H9: 0 | I9: 0 | J9: 0 | K9: 0 | L9: 0 | M9: 1 | N9: 1 | O9: 0 | P9: 1 | Q9: 0 | R9: 0 | S9: 2 | T9: 1 | U9: 1 | V9: 0
A10: =DATE(YEAR(A9),MONTH(A9)+1,DAY(A9)) -> 42248 | B10: 0 | C10: 0 | D10: 0 | E10: 1 | F10: 0 | G10: 0 | H10: 0 | I10: 0 | J10: 0 | K10: 0 | L10: 0 | M10: 0 | N10: 2 | O10: 2 | P10: 0 | Q10: 1 | R10: 1 | S10: 1 | T10: 2 | U10: 0 | V10: 0
A11: =DATE(YEAR(A10),MONTH(A10)+1,DAY(A10)) -> 42278 | B11: 0 | C11: 0 | D11: 0 | E11: 0 | F11: 0 | G11: 0 | H11: 0 | I11: 0 | J11: 0 | K11: 0 | L11: 0 | M11: 0 | N11: 0 | O11: 1 | P11: 2 | Q11: 0 | R11: 0 | S11: 0 | T11: 2 | U11: 1 | V11: 0
A12: =DATE(YEAR(A11),MONTH(A11)+1,DAY(A11)) -> 42309 | B12: 1 | C12: 0 | D12: 0 | E12: 0 | F12: 1 | G12: 0 | H12: 1 | I12: 0 | J12: 0 | K12: 0 | L12: 0 | M12: 0 | N12: 0 | O12: 0 | P12: 0 | Q12: 0 | R12: 0 | S12: 1 | T12: 0 | U12: 0 | V12: 0
A13: =DATE(YEAR(A12),MONTH(A12)+1,DAY(A12)) -> 42339 | B13: 0 | C13: 0 | D13: 0 | E13: 2 | F13: 0 | G13: 0 | H13: 0 | I13: 0 | J13: 0 | K13: 0 | L13: 0 | M13: 0 | N13: 1 | O13: 1 | P13: 1 | Q13: 0 | R13: 0 | S13: 0 | T13: 1 | U13: 0 | V13: 1
A14: =DATE(YEAR(A13),MONTH(A13)+1,DAY(A13)) -> 42370 | B14: 1 | C14: 0 | D14: 0 | E14: 0 | F14: 0 | G14: 0 | H14: 1 | I14: 0 | J14: 0 | K14: 0 | L14: 1 | M14: 0 | N14: 0 | O14: 1 | P14: 0 | Q14: 0 | R14: 0 | S14: 0 | T14: 0 | U14: 0
A15: =DATE(YEAR(A14),MONTH(A14)+1,DAY(A14)) -> 42401 | B15: 0 | C15: 0 | D15: 0 | E15: 1 | F15: 0 | G15: 0 | H15: 0 | I15: 1 | J15: 0 | K15: 0 | L15: 0 | M15: 0 | N15: 1 | O15: 0 | P15: 0 | Q15: 1 | R15: 0 | S15: 0 | T15: 0 | U15: 0
A16: =DATE(YEAR(A15),MONTH(A15)+1,DAY(A15)) -> 42430 | B16: 0 | C16: 1 | D16: 0 | E16: 0 | F16: 0 | G16: 0 | H16: 0 | I16: 0 | J16: 0 | K16: 0 | L16: 0 | M16: 0 | N16: 2 | O16: 2 | P16: 0 | Q16: 0 | R16: 1 | S16: 0 | T16: 0 | U16: 0
A17: =DATE(YEAR(A16),MONTH(A16)+1,DAY(A16)) -> 42461 | B17: 0 | C17: 0 | D17: 0 | E17: 0 | F17: 0 | G17: 0 | H17: 1 | I17: 0 | J17: 0 | K17: 0 | L17: 0 | M17: 0 | N17: 1 | O17: 0 | P17: 0 | Q17: 0 | R17: 0 | S17: 0 | T17: 0 | U17: 1
A18: =DATE(YEAR(A17),MONTH(A17)+1,DAY(A17)) -> 42491 | B18: 1 | C18: 0 | D18: 0 | E18: 0 | F18: 0 | G18: 0 | H18: 0 | I18: 0 | J18: 0 | K18: 1 | L18: 0 | M18: 0 | N18: 0 | O18: 2 | P18: 0 | Q18: 2 | R18: 1 | S18: 0 | T18: 0 | U18: 1
A19: =DATE(YEAR(A18),MONTH(A18)+1,DAY(A18)) -> 42522 | B19: 4 | C19: 0 | D19: 1 | E19: 0 | F19: 0 | G19: 0 | H19: 0 | I19: 0 | J19: 0 | K19: 0 | L19: 0 | M19: 0 | N19: 1 | O19: 1 | P19: 0 | Q19: 0 | R19: 0 | S19: 0 | T19: 1 | U19: 0
A20: =DATE(YEAR(A19),MONTH(A19)+1,DAY(A19)) -> 42552 | B20: 0 | C20: 0 | D20: 0 | E20: 0 | F20: 0 | G20: 0 | H20: 0 | I20: 1 | J20: 0 | K20: 0 | L20: 0 | M20: 0 | N20: 0 | O20: 1 | P20: 0 | Q20: 0 | R20: 1 | S20: 0 | T20: 2 | U20: 0
A21: =DATE(YEAR(A20),MONTH(A20)+1,DAY(A20)) -> 42583 | B21: 0 | C21: 1 | D21: 0 | E21: 0 | F21: 0 | G21: 0 | H21: 0 | I21: 0 | J21: 0 | K21: 0 | L21: 0 | M21: 1 | N21: 1 | O21: 2 | P21: 1 | Q21: 0 | R21: 0 | S21: 0 | T21: 1 | U21: 0
A22: =DATE(YEAR(A21),MONTH(A21)+1,DAY(A21)) -> 42614 | B22: 0 | C22: 0 | D22: 0 | E22: 0 | F22: 1 | G22: 1 | H22: 0 | I22: 0 | J22: 0 | K22: 0 | L22: 0 | M22: 0 | N22: 2 | O22: 1 | P22: 0 | Q22: 1 | R22: 0 | S22: 0 | T22: 1 | U22: 0
A23: =DATE(YEAR(A22),MONTH(A22)+1,DAY(A22)) -> 42644 | B23: 1 | C23: 0 | D23: 1 | E23: 0 | F23: 0 | G23: 0 | H23: 1 | I23: 0 | J23: 1 | K23: 0 | L23: 0 | M23: 0 | N23: 0 | O23: 0 | P23: 0 | Q23: 0 | R23: 0 | S23: 0 | T23: 1 | U23: 1
A24: =DATE(YEAR(A23),MONTH(A23)+1,DAY(A23)) -> 42675 | B24: 0 | C24: 0 | D24: 0 | E24: 2 | F24: 0 | G24: 0 | H24: 0 | I24: 0 | J24: 0 | K24: 0 | L24: 0 | M24: 0 | N24: 0 | O24: 1 | P24: 1 | Q24: 0 | R24: 1 | S24: 0 | T24: 0 | U24: 0
A25: =DATE(YEAR(A24),MONTH(A24)+1,DAY(A24)) -> 42705 | B25: 0 | C25: 0 | D25: 1 | E25: 0 | F25: 1 | G25: 0 | H25: 0 | I25: 1 | J25: 0 | K25: 0 | L25: 0 | M25: 0 | N25: 1 | O25: 0 | P25: 0 | Q25: 2 | R25: 1 | S25: 0 | T25: 0 | U25: 0
A26: =DATE(YEAR(A25),MONTH(A25)+1,DAY(A25)) -> 42736 | B26: 0 | C26: 0 | D26: 1 | E26: 0 | F26: 0 | G26: 0 | H26: 0 | I26: 0 | J26: 0 | K26: 0 | L26: 0 | M26: 1 | N26: 2 | O26: 1 | P26: 1 | Q26: 0 | R26: 2 | S26: 2 | T26: 0
A27: =DATE(YEAR(A26),MONTH(A26)+1,DAY(A26)) -> 42767 | B27: 0 | C27: 1 | D27: 0 | E27: 0 | F27: 0 | G27: 1 | H27: 0 | I27: 0 | J27: 0 | K27: 0 | L27: 0 | M27: 0 | N27: 0 | O27: 1 | P27: 0 | Q27: 0 | R27: 0 | S27: 1 | T27: 0
A28: =DATE(YEAR(A27),MONTH(A27)+1,DAY(A27)) -> 42795 | B28: 0 | C28: 1 | D28: 0 | E28: 1 | F28: 0 | G28: 0 | H28: 0 | I28: 0 | J28: 1 | K28: 0 | L28: 0 | M28: 0 | N28: 4 | O28: 1 | P28: 1 | Q28: 1 | R28: 1 | S28: 1 | T28: 1
A29: =DATE(YEAR(A28),MONTH(A28)+1,DAY(A28)) -> 42826 | B29: 1 | C29: 0 | D29: 0 | E29: 0 | F29: 0 | G29: 0 | H29: 0 | I29: 0 | J29: 0 | K29: 0 | L29: 1 | M29: 0 | N29: 0 | O29: 0 | P29: 0 | Q29: 0 | R29: 0 | S29: 0 | T29: 0
A30: =DATE(YEAR(A29),MONTH(A29)+1,DAY(A29)) -> 42856 | B30: 0 | C30: 0 | D30: 0 | E30: 0 | F30: 0 | G30: 0 | H30: 0 | I30: 0 | J30: 0 | K30: 0 | L30: 0 | M30: 0 | N30: 0 | O30: 4 | P30: 0 | Q30: 2 | R30: 0 | S30: 0 | T30: 2
A31: =DATE(YEAR(A30),MONTH(A30)+1,DAY(A30)) -> 42887 | B31: 1 | C31: 0 | D31: 0 | E31: 2 | F31: 1 | G31: 0 | H31: 0 | I31: 0 | J31: 0 | K31: 0 | L31: 0 | M31: 0 | N31: 2 | O31: 3 | P31: 0 | Q31: 1 | R31: 1 | S31: 2 | T31: 1
A32: =DATE(YEAR(A31),MONTH(A31)+1,DAY(A31)) -> 42917 | B32: 0 | C32: 1 | D32: 0 | E32: 0 | F32: 0 | G32: 1 | H32: 0 | I32: 1 | J32: 0 | K32: 0 | L32: 0 | M32: 0 | N32: 1 | O32: 0 | P32: 0 | Q32: 0 | R32: 0 | S32: 0 | T32: 0
A33: =DATE(YEAR(A32),MONTH(A32)+1,DAY(A32)) -> 42948 | B33: 1 | C33: 0 | D33: 2 | E33: 0 | F33: 0 | G33: 0 | H33: 0 | I33: 0 | J33: 0 | K33: 1 | L33: 0 | M33: 0 | N33: 2 | O33: 4 | P33: 1 | Q33: 1 | R33: 0 | S33: 1 | T33: 0
A34: =DATE(YEAR(A33),MONTH(A33)+1,DAY(A33)) -> 42979 | B34: 0 | C34: 0 | D34: 1 | E34: 0 | F34: 1 | G34: 1 | H34: 0 | I34: 1 | J34: 0 | K34: 0 | L34: 0 | M34: 0 | N34: 2 | O34: 2 | P34: 1 | Q34: 2 | R34: 0 | S34: 1 | T34: 1
A35: =DATE(YEAR(A34),MONTH(A34)+1,DAY(A34)) -> 43009 | B35: 0 | C35: 0 | D35: 0 | E35: 0 | F35: 1 | G35: 0 | H35: 0 | I35: 0 | J35: 0 | K35: 0 | L35: 0 | M35: 0 | N35: 4 | O35: 3 | P35: 0 | Q35: 0 | R35: 2 | S35: 0 | T35: 2
A36: =DATE(YEAR(A35),MONTH(A35)+1,DAY(A35)) -> 43040 | B36: 0 | C36: 0 | D36: 0 | E36: 0 | F36: 0 | G36: 0 | H36: 1 | I36: 0 | J36: 0 | K36: 0 | L36: 0 | M36: 0 | N36: 2 | O36: 2 | P36: 3 | Q36: 2 | R36: 1 | S36: 1 | T36: 0
A37: =DATE(YEAR(A36),MONTH(A36)+1,DAY(A36)) -> 43070 | B37: 0 | C37: 1 | D37: 0 | E37: 0 | F37: 0 | G37: 0 | H37: 0 | I37: 0 | J37: 0 | K37: 0 | L37: 0 | M37: 0 | N37: 8 | O37: 3 | P37: 2 | Q37: 0 | R37: 2 | S37: 1 | T37: 1
A38: =DATE(YEAR(A37),MONTH(A37)+1,DAY(A37)) -> 43101 | B38: 0 | C38: 0 | D38: 1 | E38: 0 | F38: 0 | G38: 0 | H38: 0 | I38: 0 | J38: 0 | K38: 0 | L38: 0 | M38: 0 | N38: 3 | O38: 2 | P38: 1 | Q38: 0 | R38: 2 | S38: 1
A39: =DATE(YEAR(A38),MONTH(A38)+1,DAY(A38)) -> 43132 | B39: 0 | C39: 0 | D39: 1 | E39: 1 | F39: 1 | G39: 2 | H39: 0 | I39: 0 | J39: 0 | K39: 0 | L39: 1 | M39: 0 | N39: 2 | O39: 4 | P39: 5 | Q39: 1 | R39: 0 | S39: 3
A40: =DATE(YEAR(A39),MONTH(A39)+1,DAY(A39)) -> 43160 | B40: 0 | C40: 0 | D40: 1 | E40: 1 | F40: 0 | G40: 0 | H40: 0 | I40: 1 | J40: 0 | K40: 0 | L40: 1 | M40: 0 | N40: 5 | O40: 4 | P40: 3 | Q40: 0 | R40: 2 | S40: 2
A41: =DATE(YEAR(A40),MONTH(A40)+1,DAY(A40)) -> 43191 | B41: 0 | C41: 0 | D41: 0 | E41: 1 | F41: 0 | G41: 0 | H41: 2 | I41: 0 | J41: 2 | K41: 0 | L41: 0 | M41: 1 | N41: 6 | O41: 1 | P41: 3 | Q41: 1 | R41: 2 | S41: 0
A42: =DATE(YEAR(A41),MONTH(A41)+1,DAY(A41)) -> 43221 | B42: 0 | C42: 0 | D42: 0 | E42: 0 | F42: 1 | G42: 0 | H42: 2 | I42: 0 | J42: 0 | K42: 0 | L42: 0 | M42: 1 | N42: 5 | O42: 3 | P42: 5 | Q42: 3 | R42: 0 | S42: 0
A43: =DATE(YEAR(A42),MONTH(A42)+1,DAY(A42)) -> 43252 | B43: 0 | C43: 0 | D43: 1 | E43: 2 | F43: 2 | G43: 1 | H43: 0 | I43: 0 | J43: 0 | K43: 0 | L43: 0 | M43: 0 | N43: 10 | O43: 3 | P43: 4 | Q43: 2 | R43: 0 | S43: 1
A44: =DATE(YEAR(A43),MONTH(A43)+1,DAY(A43)) -> 43282 | B44: 0 | C44: 0 | D44: 2 | E44: 1 | F44: 1 | G44: 0 | H44: 1 | I44: 0 | J44: 1 | K44: 0 | L44: 0 | M44: 1 | N44: 5 | O44: 4 | P44: 5 | Q44: 1 | R44: 1 | S44: 3
A45: =DATE(YEAR(A44),MONTH(A44)+1,DAY(A44)) -> 43313 | B45: 0 | C45: 0 | D45: 1 | E45: 2 | F45: 1 | G45: 2 | H45: 1 | I45: 0 | J45: 0 | K45: 0 | L45: 0 | M45: 1 | N45: 3 | O45: 4 | P45: 4 | Q45: 3 | R45: 3 | S45: 0
A46: =DATE(YEAR(A45),MONTH(A45)+1,DAY(A45)) -> 43344 | B46: 0 | C46: 0 | D46: 1 | E46: 1 | F46: 1 | G46: 1 | H46: 0 | I46: 2 | J46: 3 | K46: 1 | L46: 1 | M46: 1 | N46: 5 | O46: 7 | P46: 2 | Q46: 3 | R46: 4 | S46: 1
A47: =DATE(YEAR(A46),MONTH(A46)+1,DAY(A46)) -> 43374 | B47: 3 | C47: 0 | D47: 1 | E47: 1 | F47: 0 | G47: 0 | H47: 1 | I47: 1 | J47: 1 | K47: 1 | L47: 0 | M47: 0 | N47: 4 | O47: 2 | P47: 3 | Q47: 1 | R47: 3 | S47: 0
A48: =DATE(YEAR(A47),MONTH(A47)+1,DAY(A47)) -> 43405 | B48: 1 | C48: 0 | D48: 1 | E48: 1 | F48: 1 | G48: 1 | H48: 1 | I48: 0 | J48: 1 | K48: 0 | L48: 0 | M48: 0 | N48: 4 | O48: 2 | P48: 3 | Q48: 3 | R48: 0 | S48: 0
A49: =DATE(YEAR(A48),MONTH(A48)+1,DAY(A48)) -> 43435 | B49: 2 | C49: 0 | D49: 0 | E49: 2 | F49: 5 | G49: 0 | H49: 0 | I49: 0 | J49: 1 | K49: 1 | L49: 1 | M49: 0 | N49: 7 | O49: 4 | P49: 4 | Q49: 2 | R49: 2 | S49: 2
A50: =DATE(YEAR(A49),MONTH(A49)+1,DAY(A49)) -> 43466 | B50: 0 | C50: 1 | D50: 1 | E50: 1 | F50: 1 | G50: 1 | H50: 2 | I50: 1 | J50: 2 | K50: 0 | L50: 1 | M50: 0 | N50: 5 | O50: 2 | P50: 3 | Q50: 3 | R50: 3
A51: =DATE(YEAR(A50),MONTH(A50)+1,DAY(A50)) -> 43497 | B51: 1 | C51: 0 | D51: 2 | E51: 0 | F51: 0 | G51: 2 | H51: 2 | I51: 0 | J51: 0 | K51: 1 | L51: 1 | M51: 0 | N51: 6 | O51: 6 | P51: 2 | Q51: 3 | R51: 0
A52: =DATE(YEAR(A51),MONTH(A51)+1,DAY(A51)) -> 43525 | B52: 1 | C52: 1 | D52: 0 | E52: 1 | F52: 1 | G52: 1 | H52: 1 | I52: 0 | J52: 1 | K52: 2 | L52: 1 | M52: 0 | N52: 8 | O52: 4 | P52: 5 | Q52: 4 | R52: 1
A53: =DATE(YEAR(A52),MONTH(A52)+1,DAY(A52)) -> 43556 | B53: 1 | C53: 1 | D53: 0 | E53: 1 | F53: 1 | G53: 1 | H53: 1 | I53: 1 | J53: 0 | K53: 2 | L53: 2 | M53: 2 | N53: 10 | O53: 10 | P53: 0 | Q53: 1 | R53: 1
A54: =DATE(YEAR(A53),MONTH(A53)+1,DAY(A53)) -> 43586 | B54: 0 | C54: 0 | D54: 0 | E54: 0 | F54: 0 | G54: 1 | H54: 2 | I54: 0 | J54: 1 | K54: 1 | L54: 0 | M54: 1 | N54: 6 | O54: 7 | P54: 8 | Q54: 4 | R54: 1
A55: =DATE(YEAR(A54),MONTH(A54)+1,DAY(A54)) -> 43617 | B55: 4 | C55: 0 | D55: 1 | E55: 2 | F55: 0 | G55: 2 | H55: 1 | I55: 0 | J55: 3 | K55: 0 | L55: 1 | M55: 1 | N55: 3 | O55: 2 | P55: 1 | Q55: 5 | R55: 0
A56: =DATE(YEAR(A55),MONTH(A55)+1,DAY(A55)) -> 43647 | B56: 0 | C56: 0 | D56: 1 | E56: 2 | F56: 1 | G56: 0 | H56: 1 | I56: 1 | J56: 0 | K56: 1 | L56: 0 | M56: 3 | N56: 8 | O56: 11 | P56: 6 | Q56: 2 | R56: 3
A57: =DATE(YEAR(A56),MONTH(A56)+1,DAY(A56)) -> 43678 | B57: 1 | C57: 2 | D57: 2 | E57: 1 | F57: 1 | G57: 0 | H57: 4 | I57: 1 | J57: 2 | K57: 0 | L57: 1 | M57: 1 | N57: 8 | O57: 8 | P57: 4 | Q57: 4 | R57: 0
A58: =DATE(YEAR(A57),MONTH(A57)+1,DAY(A57)) -> 43709 | B58: 0 | C58: 1 | D58: 1 | E58: 0 | F58: 1 | G58: 1 | H58: 2 | I58: 1 | J58: 1 | K58: 3 | L58: 0 | M58: 1 | N58: 8 | O58: 9 | P58: 7 | Q58: 2 | R58: 1
A59: =DATE(YEAR(A58),MONTH(A58)+1,DAY(A58)) -> 43739 | B59: 2 | C59: 0 | D59: 0 | E59: 0 | F59: 0 | G59: 0 | H59: 1 | I59: 1 | J59: 1 | K59: 0 | L59: 0 | M59: 0 | N59: 5 | O59: 4 | P59: 4 | Q59: 3 | R59: 0
A60: =DATE(YEAR(A59),MONTH(A59)+1,DAY(A59)) -> 43770 | B60: 0 | C60: 0 | D60: 1 | E60: 1 | F60: 1 | G60: 0 | H60: 0 | I60: 1 | J60: 0 | K60: 0 | L60: 0 | M60: 1 | N60: 3 | O60: 3 | P60: 3 | Q60: 1 | R60: 0
A61: =DATE(YEAR(A60),MONTH(A60)+1,DAY(A60)) -> 43800 | B61: 3 | C61: 1 | D61: 0 | E61: 2 | F61: 1 | G61: 1 | H61: 0 | I61: 0 | J61: 2 | K61: 0 | L61: 1 | M61: 1 | N61: 6 | O61: 7 | P61: 4 | Q61: 5 | R61: 0
A62: =DATE(YEAR(A61),MONTH(A61)+1,DAY(A61)) -> 43831 | B62: 0 | C62: 1 | D62: 1 | E62: 0 | F62: 1 | G62: 1 | H62: 1 | I62: 2 | J62: 0 | K62: 0 | L62: 0 | M62: 0 | N62: 9 | O62: 2 | P62: 2 | Q62: 1
A63: =DATE(YEAR(A62),MONTH(A62)+1,DAY(A62)) -> 43862 | B63: 0 | C63: 1 | D63: 2 | E63: 1 | F63: 0 | G63: 0 | H63: 0 | I63: 0 | J63: 0 | K63: 0 | L63: 0 | M63: 0 | N63: 2 | O63: 1 | P63: 4 | Q63: 1
A64: =DATE(YEAR(A63),MONTH(A63)+1,DAY(A63)) -> 43891 | B64: 0 | C64: 0 | D64: 0 | E64: 1 | F64: 0 | G64: 1 | H64: 1 | I64: 0 | J64: 0 | K64: 0 | L64: 2 | M64: 2 | N64: 3 | O64: 0 | P64: 1 | Q64: 2
A65: =DATE(YEAR(A64),MONTH(A64)+1,DAY(A64)) -> 43922 | B65: 0 | C65: 0 | D65: 0 | E65: 1 | F65: 0 | G65: 0 | H65: 0 | I65: 1 | J65: 0 | K65: 1 | L65: 0 | M65: 0 | N65: 8 | O65: 3 | P65: 2 | Q65: 1
A66: =DATE(YEAR(A65),MONTH(A65)+1,DAY(A65)) -> 43952 | B66: 0 | C66: 1 | D66: 1 | E66: 0 | F66: 0 | G66: 1 | H66: 1 | I66: 0 | J66: 0 | K66: 1 | L66: 0 | M66: 0 | N66: 5 | O66: 4 | P66: 2 | Q66: 1
A67: =DATE(YEAR(A66),MONTH(A66)+1,DAY(A66)) -> 43983 | B67: 1 | C67: 1 | D67: 2 | E67: 2 | F67: 0 | G67: 0 | H67: 0 | I67: 0 | J67: 1 | K67: 2 | L67: 0 | M67: 2 | N67: 3 | O67: 8 | P67: 2 | Q67: 1
A68: =DATE(YEAR(A67),MONTH(A67)+1,DAY(A67)) -> 44013 | B68: 0 | C68: 0 | D68: 0 | E68: 0 | F68: 0 | G68: 0 | H68: 0 | I68: 0 | J68: 1 | K68: 0 | L68: 1 | M68: 0 | N68: 4 | O68: 1 | P68: 5 | Q68: 0
A69: =DATE(YEAR(A68),MONTH(A68)+1,DAY(A68)) -> 44044 | B69: 0 | C69: 0 | D69: 0 | E69: 0 | F69: 1 | G69: 1 | H69: 2 | I69: 0 | J69: 1 | K69: 0 | L69: 0 | M69: 1 | N69: 3 | O69: 5 | P69: 9 | Q69: 2
A70: =DATE(YEAR(A69),MONTH(A69)+1,DAY(A69)) -> 44075 | B70: 0 | C70: 1 | D70: 0 | E70: 1 | F70: 0 | G70: 0 | H70: 1 | I70: 0 | J70: 0 | K70: 1 | L70: 1 | M70: 0 | N70: 8 | O70: 3 | P70: 3 | Q70: 0
A71: =DATE(YEAR(A70),MONTH(A70)+1,DAY(A70)) -> 44105 | B71: 1 | C71: 0 | D71: 1 | E71: 0 | F71: 2 | G71: 0 | H71: 1 | I71: 1 | J71: 0 | K71: 3 | L71: 0 | M71: 0 | N71: 5 | O71: 2 | P71: 1 | Q71: 1
A72: =DATE(YEAR(A71),MONTH(A71)+1,DAY(A71)) -> 44136 | B72: 1 | C72: 0 | D72: 0 | E72: 0 | F72: 0 | G72: 2 | H72: 0 | I72: 1 | J72: 1 | K72: 0 | L72: 1 | M72: 1 | N72: 6 | O72: 4 | P72: 5 | Q72: 1
A73: =DATE(YEAR(A72),MONTH(A72)+1,DAY(A72)) -> 44166 | B73: 2 | C73: 1 | D73: 1 | E73: 0 | F73: 0 | G73: 2 | H73: 0 | I73: 1 | J73: 1 | K73: 1 | L73: 0 | M73: 0 | N73: 5 | O73: 8 | P73: 3 | Q73: 4
A74: =DATE(YEAR(A73),MONTH(A73)+1,DAY(A73)) -> 44197 | B74: 0 | C74: 0 | D74: 1 | E74: 2 | F74: 0 | G74: 0 | H74: 1 | I74: 1 | J74: 0 | K74: 1 | L74: 1 | M74: 0 | N74: 4 | O74: 8 | P74: 2
A75: =DATE(YEAR(A74),MONTH(A74)+1,DAY(A74)) -> 44228 | B75: 0 | C75: 1 | D75: 1 | E75: 0 | F75: 0 | G75: 0 | H75: 1 | I75: 0 | J75: 0 | K75: 0 | L75: 0 | M75: 0 | N75: 6 | O75: 4 | P75: 2
A76: =DATE(YEAR(A75),MONTH(A75)+1,DAY(A75)) -> 44256 | B76: 0 | C76: 0 | D76: 1 | E76: 0 | F76: 1 | G76: 1 | H76: 0 | I76: 0 | J76: 0 | K76: 0 | L76: 0 | M76: 0 | N76: 5 | O76: 2 | P76: 0
A77: =DATE(YEAR(A76),MONTH(A76)+1,DAY(A76)) -> 44287 | B77: 0 | C77: 1 | D77: 0 | E77: 1 | F77: 2 | G77: 0 | H77: 0 | I77: 0 | J77: 0 | K77: 0 | L77: 1 | M77: 0 | N77: 6 | O77: 4 | P77: 0
A78: =DATE(YEAR(A77),MONTH(A77)+1,DAY(A77)) -> 44317 | B78: 3 | C78: 0 | D78: 0 | E78: 2 | F78: 0 | G78: 0 | H78: 1 | I78: 0 | J78: 0 | K78: 2 | L78: 0 | M78: 1 | N78: 3 | O78: 1 | P78: 1
A79: =DATE(YEAR(A78),MONTH(A78)+1,DAY(A78)) -> 44348 | B79: 1 | C79: 0 | D79: 3 | E79: 1 | F79: 0 | G79: 1 | H79: 0 | I79: 1 | J79: 1 | K79: 1 | L79: 1 | M79: 0 | N79: 3 | O79: 2 | P79: 2
A80: =DATE(YEAR(A79),MONTH(A79)+1,DAY(A79)) -> 44378 | B80: 0 | C80: 0 | D80: 1 | E80: 1 | F80: 1 | G80: 1 | H80: 1 | I80: 1 | J80: 1 | K80: 0 | L80: 1 | M80: 0 | N80: 1 | O80: 4 | P80: 0
A81: =DATE(YEAR(A80),MONTH(A80)+1,DAY(A80)) -> 44409 | B81: 2 | C81: 0 | D81: 0 | E81: 1 | F81: 0 | G81: 1 | H81: 0 | I81: 0 | J81: 0 | K81: 0 | L81: 0 | M81: 1 | N81: 3 | O81: 2 | P81: 1
A82: =DATE(YEAR(A81),MONTH(A81)+1,DAY(A81)) -> 44440 | B82: 0 | C82: 0 | D82: 1 | E82: 0 | F82: 0 | G82: 1 | H82: 1 | I82: 2 | J82: 1 | K82: 1 | L82: 2 | M82: 0 | N82: 2 | O82: 1 | P82: 2
A83: =DATE(YEAR(A82),MONTH(A82)+1,DAY(A82)) -> 44470 | B83: 2 | C83: 0 | D83: 1 | E83: 0 | F83: 2 | G83: 1 | H83: 0 | I83: 2 | J83: 1 | K83: 0 | L83: 0 | M83: 0 | N83: 3 | O83: 1 | P83: 1
A84: =DATE(YEAR(A83),MONTH(A83)+1,DAY(A83)) -> 44501 | B84: 0 | C84: 1 | D84: 0 | E84: 0 | F84: 1 | G84: 1 | H84: 1 | I84: 1 | J84: 1 | K84: 0 | L84: 1 | M84: 0 | N84: 2 | O84: 2 | P84: 3
A85: =DATE(YEAR(A84),MONTH(A84)+1,DAY(A84)) -> 44531 | B85: 1 | C85: 1 | D85: 0 | E85: 2 | F85: 0 | G85: 0 | H85: 0 | I85: 0 | J85: 0 | K85: 1 | L85: 1 | M85: 0 | N85: 3 | O85: 1 | P85: 1
A86: =DATE(YEAR(A85),MONTH(A85)+1,DAY(A85)) -> 44562 | B86: 1 | C86: 0 | D86: 0 | E86: 0 | F86: 0 | G86: 1 | H86: 1 | I86: 1 | J86: 0 | K86: 1 | L86: 0 | M86: 0 | N86: 3 | O86: 0
A87: =DATE(YEAR(A86),MONTH(A86)+1,DAY(A86)) -> 44593 | B87: 0 | C87: 1 | D87: 2 | E87: 0 | F87: 0 | G87: 0 | H87: 3 | I87: 0 | J87: 0 | K87: 0 | L87: 1 | M87: 0 | N87: 4 | O87: 1
A88: =DATE(YEAR(A87),MONTH(A87)+1,DAY(A87)) -> 44621 | B88: 2 | C88: 0 | D88: 0 | E88: 0 | F88: 1 | G88: 0 | H88: 1 | I88: 0 | J88: 0 | K88: 0 | L88: 0 | M88: 2 | N88: 5 | O88: 1
A89: =DATE(YEAR(A88),MONTH(A88)+1,DAY(A88)) -> 44652 | B89: 2 | C89: 2 | D89: 0 | E89: 1 | F89: 2 | G89: 0 | H89: 0 | I89: 0 | J89: 0 | K89: 2 | L89: 0 | M89: 0 | N89: 5 | O89: 4
A90: =DATE(YEAR(A89),MONTH(A89)+1,DAY(A89)) -> 44682 | B90: 0 | C90: 1 | D90: 2 | E90: 0 | F90: 0 | G90: 0 | H90: 0 | I90: 1 | J90: 0 | K90: 2 | L90: 0 | M90: 0 | N90: 2 | O90: 2
A91: =DATE(YEAR(A90),MONTH(A90)+1,DAY(A90)) -> 44713 | B91: 1 | C91: 0 | D91: 0 | E91: 3 | F91: 0 | G91: 0 | H91: 1 | I91: 1 | J91: 0 | K91: 0 | L91: 0 | M91: 0 | N91: 5 | O91: 2
A92: =DATE(YEAR(A91),MONTH(A91)+1,DAY(A91)) -> 44743 | B92: 0 | C92: 1 | D92: 1 | E92: 1 | F92: 0 | G92: 1 | H92: 1 | I92: 0 | J92: 0 | K92: 0 | L92: 0 | M92: 0 | N92: 8 | O92: 3
A93: =DATE(YEAR(A92),MONTH(A92)+1,DAY(A92)) -> 44774 | B93: 1 | C93: 2 | D93: 2 | E93: 1 | F93: 1 | G93: 1 | H93: 0 | I93: 0 | J93: 0 | K93: 0 | L93: 0 | M93: 0 | N93: 3 | O93: 2
A94: =DATE(YEAR(A93),MONTH(A93)+1,DAY(A93)) -> 44805 | B94: 0 | C94: 0 | D94: 2 | E94: 1 | F94: 0 | G94: 1 | H94: 0 | I94: 0 | J94: 0 | K94: 1 | L94: 0 | M94: 0 | N94: 1 | O94: 3
A95: =DATE(YEAR(A94),MONTH(A94)+1,DAY(A94)) -> 44835 | B95: 0 | C95: 1 | D95: 0 | E95: 1 | F95: 0 | G95: 1 | H95: 0 | I95: 0 | J95: 0 | K95: 1 | L95: 0 | M95: 1 | N95: 6 | O95: 1
A96: =DATE(YEAR(A95),MONTH(A95)+1,DAY(A95)) -> 44866 | B96: 1 | C96: 0 | D96: 0 | E96: 0 | F96: 0 | G96: 0 | H96: 0 | I96: 0 | J96: 0 | K96: 0 | L96: 0 | M96: 1 | N96: 4 | O96: 1
A97: =DATE(YEAR(A96),MONTH(A96)+1,DAY(A96)) -> 44896 | B97: 1 | C97: 0 | D97: 2 | E97: 0 | F97: 0 | G97: 0 | H97: 0 | I97: 0 | J97: 1 | K97: 0 | L97: 1 | M97: 0 | N97: 2 | O97: 2
A98: =DATE(YEAR(A97),MONTH(A97)+1,DAY(A97)) -> 44927 | B98: 0 | C98: 0 | D98: 0 | E98: 0 | F98: 0 | G98: 0 | H98: 0 | I98: 0 | J98: 0 | K98: 0 | L98: 0 | M98: 1 | N98: 3
A99: =DATE(YEAR(A98),MONTH(A98)+1,DAY(A98)) -> 44958 | B99: 1 | C99: 0 | D99: 0 | E99: 0 | F99: 2 | G99: 0 | H99: 2 | I99: 0 | J99: 0 | K99: 0 | L99: 1 | M99: 0 | N99: 3
A100: =DATE(YEAR(A99),MONTH(A99)+1,DAY(A99)) -> 44986 | B100: 3 | C100: 1 | D100: 0 | E100: 0 | F100: 0 | G100: 1 | H100: 1 | I100: 1 | J100: 0 | K100: 0 | L100: 0 | M100: 2 | N100: 3
...

Sheet Inception_data
A1: 1st of Commencement month (DD/MM/YYYY) | B1: Policies incepted
A2: 42005 | B2: 1086
A3: =DATE(YEAR(A2),MONTH(A2)+1,DAY(A2)) -> 42036 | B3: 1156
A4: =DATE(YEAR(A3),MONTH(A3)+1,DAY(A3)) -> 42064 | B4: 1072
A5: =DATE(YEAR(A4),MONTH(A4)+1,DAY(A4)) -> 42095 | B5: 1112
A6: =DATE(YEAR(A5),MONTH(A5)+1,DAY(A5)) -> 42125 | B6: 1031
A7: =DATE(YEAR(A6),MONTH(A6)+1,DAY(A6)) -> 42156 | B7: 895
A8: =DATE(YEAR(A7),MONTH(A7)+1,DAY(A7)) -> 42186 | B8: 803
A9: =DATE(YEAR(A8),MONTH(A8)+1,DAY(A8)) -> 42217 | B9: 768
A10: =DATE(YEAR(A9),MONTH(A9)+1,DAY(A9)) -> 42248 | B10: 783
A11: =DATE(YEAR(A10),MONTH(A10)+1,DAY(A10)) -> 42278 | B11: 1061
A12: =DATE(YEAR(A11),MONTH(A11)+1,DAY(A11)) -> 42309 | B12: 987
A13: =DATE(YEAR(A12),MONTH(A12)+1,DAY(A12)) -> 42339 | B13: 903
A14: =DATE(YEAR(A13),MONTH(A13)+1,DAY(A13)) -> 42370 | B14: 932
... A121: =DATE(YEAR(A120),MONTH(A120)+1,DAY(A120)) -> 45627 | B121: 134

Sheet Policies_In-Force
A1: 1st of Commencement month (DD/MM/YYYY) | B1: Policies incepted in month 1 | C1: Policies IF at start of Month 2 | D1: Policies IF at start of Month 3 | E1: Policies IF at start of Month 4 | F1: Policies IF at start of Month 5 | G1: Policies IF at start of Month 6 | H1: Policies IF at start of Month 7 | I1: Policies IF at start of Month 8 | J1: Policies IF at start of Month 9 | K1: Policies IF at start of Month 10 | L1: Policies IF at start of Month 11 | M1: Policies IF at start of Month 12 | N1: Policies IF at start of Year 2 | O1: Policies IF at start of Year 3 | P1: Policies IF at start of Year 4 | Q1: Policies IF at start of Year 5 | R1: Policies IF at start of Year 6 | S1: Policies IF at start of Year 7 | T1: Policies IF at start of Year 8 | U1: Policies IF at start of Year 9 | V1: Policies IF at start of Year 10 | W1: Policies IF at start of Year 11
A2: 42005 | B2: =Inception_data!B2 -> 1086 | C2: =B2-SUM(Lapse_data!B2,Death_data!B2) -> 1027 | D2: =C2-SUM(Lapse_data!C2,Death_data!C2) -> 929 | E2: =D2-SUM(Lapse_data!D2,Death_data!D2) -> 873 | F2: =E2-SUM(Lapse_data!E2,Death_data!E2) -> 794 | G2: =F2-SUM(Lapse_data!F2,Death_data!F2) -> 736 | H2: =G2-SUM(Lapse_data!G2,Death_data!G2) -> 702 | I2: =H2-SUM(Lapse_data!H2,Death_data!H2) -> 660 | J2: =I2-SUM(Lapse_data!I2,Death_data!I2) -> 628 | ... N2: =M2-SUM(Lapse_data!M2,Death_data!M2) -> 529 | O2: =N2 - SUM(Lapse_data!N2:Y2, Death_data!N2) -> 376 | P2: =O2 - SUM(Lapse_data!Z2:AK2, Death_data!O2) -> 301 | Q2: =P2 - SUM(Lapse_data!AL2:AW2, Death_data!P2) -> 227 | R2: =Q2 - SUM(Lapse_data!AX2:BI2, Death_data!Q2) -> 183 | S2: =R2 - SUM(Lapse_data!BJ2:BU2, Death_data!R2) -> 155 | T2: =S2 - SUM(Lapse_data!BV2:CG2, Death_data!S2) -> 128 | U2: =T2 - SUM(Lapse_data!CH2:CS2, Death_data!T2) -> 110 | V2: =U2 - SUM(Lapse_data!CT2:DE2, Death_data!U2) -> 103 | W2: =V2 - SUM(Lapse_data!DF2:DQ2, Death_data!V2) -> 94
A3: =DATE(YEAR(A2),MONTH(A2)+1,DAY(A2)) -> 42036 | B3: =Inception_data!B3 -> 1156 | C3: =B3-SUM(Lapse_data!B3,Death_data!B3) -> 1102 | D3: =C3-SUM(Lapse_data!C3,Death_data!C3) -> 997 | E3: =D3-SUM(Lapse_data!D3,Death_data!D3) -> 924 | F3: =E3-SUM(Lapse_data!E3,Death_data!E3) -> 853 | G3: =F3-SUM(Lapse_data!F3,Death_data!F3) -> 804 | H3: =G3-SUM(Lapse_data!G3,Death_data!G3) -> 753 | I3: =H3-SUM(Lapse_data!H3,Death_data!H3) -> 705 | J3: =I3-SUM(Lapse_data!I3,Death_data!I3) -> 670 | ... N3: =M3-SUM(Lapse_data!M3,Death_data!M3) -> 574 | O3: =N3 - SUM(Lapse_data!N3:Y3, Death_data!N3) -> 385 | P3: =O3 - SUM(Lapse_data!Z3:AK3, Death_data!O3) -> 278 | Q3: =P3 - SUM(Lapse_data!AL3:AW3, Death_data!P3) -> 219 | R3: =Q3 - SUM(Lapse_data!AX3:BI3, Death_data!Q3) -> 173 | S3: =R3 - SUM(Lapse_data!BJ3:BU3, Death_data!R3) -> 144 | T3: =S3 - SUM(Lapse_data!BV3:CG3, Death_data!S3) -> 131 | U3: =T3 - SUM(Lapse_data!CH3:CS3, Death_data!T3) -> 113 | V3: =U3 - SUM(Lapse_data!CT3:DE3, Death_data!U3) -> 102 | W3: =V3 - SUM(Lapse_data!DF3:DQ3, Death_data!V3) -> 90
A4: =DATE(YEAR(A3),MONTH(A3)+1,DAY(A3)) -> 42064 | B4: =Inception_data!B4 -> 1072 | C4: =B4-SUM(Lapse_data!B4,Death_data!B4) -> 1024 | D4: =C4-SUM(Lapse_data!C4,Death_data!C4) -> 930 | E4: =D4-SUM(Lapse_data!D4,Death_data!D4) -> 870 | F4: =E4-SUM(Lapse_data!E4,Death_data!E4) -> 809 | G4: =F4-SUM(Lapse_data!F4,Death_data!F4) -> 766 | H4: =G4-SUM(Lapse_data!G4,Death_data!G4) -> 726 | I4: =H4-SUM(Lapse_data!H4,Death_data!H4) -> 691 | J4: =I4-SUM(Lapse_data!I4,Death_data!I4) -> 656 | ... N4: =M4-SUM(Lapse_data!M4,Death_data!M4) -> 574 | O4: =N4 - SUM(Lapse_data!N4:Y4, Death_data!N4) -> 375 | P4: =O4 - SUM(Lapse_data!Z4:AK4, Death_data!O4) -> 277 | Q4: =P4 - SUM(Lapse_data!AL4:AW4, Death_data!P4) -> 211 | R4: =Q4 - SUM(Lapse_data!AX4:BI4, Death_data!Q4) -> 174 | S4: =R4 - SUM(Lapse_data!BJ4:BU4, Death_data!R4) -> 140 | T4: =S4 - SUM(Lapse_data!BV4:CG4, Death_data!S4) -> 125 | U4: =T4 - SUM(Lapse_data!CH4:CS4, Death_data!T4) -> 114 | V4: =U4 - SUM(Lapse_data!CT4:DE4, Death_data!U4) -> 102 | W4: =V4 - SUM(Lapse_data!DF4:DQ4, Death_data!V4) -> 97
A5: =DATE(YEAR(A4),MONTH(A4)+1,DAY(A4)) -> 42095 | B5: =Inception_data!B5 -> 1112 | C5: =B5-SUM(Lapse_data!B5,Death_data!B5) -> 1044 | D5: =C5-SUM(Lapse_data!C5,Death_data!C5) -> 954 | E5: =D5-SUM(Lapse_data!D5,Death_data!D5) -> 895 | F5: =E5-SUM(Lapse_data!E5,Death_data!E5) -> 831 | G5: =F5-SUM(Lapse_data!F5,Death_data!F5) -> 800 | H5: =G5-SUM(Lapse_data!G5,Death_data!G5) -> 739 | I5: =H5-SUM(Lapse_data!H5,Death_data!H5) -> 704 | J5: =I5-SUM(Lapse_data!I5,Death_data!I5) -> 670 | ... N5: =M5-SUM(Lapse_data!M5,Death_data!M5) -> 574 | O5: =N5 - SUM(Lapse_data!N5:Y5, Death_data!N5) -> 400 | P5: =O5 - SUM(Lapse_data!Z5:AK5, Death_data!O5) -> 307 | Q5: =P5 - SUM(Lapse_data!AL5:AW5, Death_data!P5) -> 247 | R5: =Q5 - SUM(Lapse_data!AX5:BI5, Death_data!Q5) -> 207 | S5: =R5 - SUM(Lapse_data!BJ5:BU5, Death_data!R5) -> 172 | T5: =S5 - SUM(Lapse_data!BV5:CG5, Death_data!S5) -> 148 | U5: =T5 - SUM(Lapse_data!CH5:CS5, Death_data!T5) -> 121 | V5: =U5 - SUM(Lapse_data!CT5:DE5, Death_data!U5) -> 107 | W5: =V5 - SUM(Lapse_data!DF5:DQ5, Death_data!V5) -> 100
A6: =DATE(YEAR(A5),MONTH(A5)+1,DAY(A5)) -> 42125 | B6: =Inception_data!B6 -> 1031 | C6: =B6-SUM(Lapse_data!B6,Death_data!B6) -> 977 | D6: =C6-SUM(Lapse_data!C6,Death_data!C6) -> 893 | E6: =D6-SUM(Lapse_data!D6,Death_data!D6) -> 825 | F6: =E6-SUM(Lapse_data!E6,Death_data!E6) -> 760 | G6: =F6-SUM(Lapse_data!F6,Death_data!F6) -> 710 | H6: =G6-SUM(Lapse_data!G6,Death_data!G6) -> 665 | I6: =H6-SUM(Lapse_data!H6,Death_data!H6) -> 640 | J6: =I6-SUM(Lapse_data!I6,Death_data!I6) -> 608 | ... N6: =M6-SUM(Lapse_data!M6,Death_data!M6) -> 493 | O6: =N6 - SUM(Lapse_data!N6:Y6, Death_data!N6) -> 322 | P6: =O6 - SUM(Lapse_data!Z6:AK6, Death_data!O6) -> 246 | Q6: =P6 - SUM(Lapse_data!AL6:AW6, Death_data!P6) -> 190 | R6: =Q6 - SUM(Lapse_data!AX6:BI6, Death_data!Q6) -> 156 | S6: =R6 - SUM(Lapse_data!BJ6:BU6, Death_data!R6) -> 128 | T6: =S6 - SUM(Lapse_data!BV6:CG6, Death_data!S6) -> 106 | U6: =T6 - SUM(Lapse_data!CH6:CS6, Death_data!T6) -> 93 | V6: =U6 - SUM(Lapse_data!CT6:DE6, Death_data!U6) -> 82 | W6: =V6 - SUM(Lapse_data!DF6:DQ6, Death_data!V6) -> 75
A7: =DATE(YEAR(A6),MONTH(A6)+1,DAY(A6)) -> 42156 | B7: =Inception_data!B7 -> 895 | C7: =B7-SUM(Lapse_data!B7,Death_data!B7) -> 848 | D7: =C7-SUM(Lapse_data!C7,Death_data!C7) -> 751 | E7: =D7-SUM(Lapse_data!D7,Death_data!D7) -> 707 | F7: =E7-SUM(Lapse_data!E7,Death_data!E7) -> 652 | G7: =F7-SUM(Lapse_data!F7,Death_data!F7) -> 615 | H7: =G7-SUM(Lapse_data!G7,Death_data!G7) -> 593 | I7: =H7-SUM(Lapse_data!H7,Death_data!H7) -> 557 | J7: =I7-SUM(Lapse_data!I7,Death_data!I7) -> 535 | ... N7: =M7-SUM(Lapse_data!M7,Death_data!M7) -> 446 | O7: =N7 - SUM(Lapse_data!N7:Y7, Death_data!N7) -> 292 | P7: =O7 - SUM(Lapse_data!Z7:AK7, Death_data!O7) -> 221 | Q7: =P7 - SUM(Lapse_data!AL7:AW7, Death_data!P7) -> 174 | R7: =Q7 - SUM(Lapse_data!AX7:BI7, Death_data!Q7) -> 146 | S7: =R7 - SUM(Lapse_data!BJ7:BU7, Death_data!R7) -> 123 | T7: =S7 - SUM(Lapse_data!BV7:CG7, Death_data!S7) -> 103 | U7: =T7 - SUM(Lapse_data!CH7:CS7, Death_data!T7) -> 88 | V7: =U7 - SUM(Lapse_data!CT7:DE7, Death_data!U7) -> 79 | W7: =V7 - SUM(Lapse_data!DF7:DQ7, Death_data!V7) -> 68
A8: =DATE(YEAR(A7),MONTH(A7)+1,DAY(A7)) -> 42186 | B8: =Inception_data!B8 -> 803 | C8: =B8-SUM(Lapse_data!B8,Death_data!B8) -> 774 | D8: =C8-SUM(Lapse_data!C8,Death_data!C8) -> 733 | E8: =D8-SUM(Lapse_data!D8,Death_data!D8) -> 705 | F8: =E8-SUM(Lapse_data!E8,Death_data!E8) -> 663 | G8: =F8-SUM(Lapse_data!F8,Death_data!F8) -> 626 | H8: =G8-SUM(Lapse_data!G8,Death_data!G8) -> 579 | I8: =H8-SUM(Lapse_data!H8,Death_data!H8) -> 557 | J8: =I8-SUM(Lapse_data!I8,Death_data!I8) -> 537 | ... N8: =M8-SUM(Lapse_data!M8,Death_data!M8) -> 461 | O8: =N8 - SUM(Lapse_data!N8:Y8, Death_data!N8) -> 316 | P8: =O8 - SUM(Lapse_data!Z8:AK8, Death_data!O8) -> 232 | Q8: =P8 - SUM(Lapse_data!AL8:AW8, Death_data!P8) -> 181 | R8: =Q8 - SUM(Lapse_data!AX8:BI8, Death_data!Q8) -> 147 | S8: =R8 - SUM(Lapse_data!BJ8:BU8, Death_data!R8) -> 124 | T8: =S8 - SUM(Lapse_data!BV8:CG8, Death_data!S8) -> 104 | U8: =T8 - SUM(Lapse_data!CH8:CS8, Death_data!T8) -> 94 | V8: =U8 - SUM(Lapse_data!CT8:DE8, Death_data!U8) -> 84 | W8: =V8 - SUM(Lapse_data!DF8:DQ8, Death_data!V8) -> 79
A9: =DATE(YEAR(A8),MONTH(A8)+1,DAY(A8)) -> 42217 | B9: =Inception_data!B9 -> 768 | C9: =B9-SUM(Lapse_data!B9,Death_data!B9) -> 735 | D9: =C9-SUM(Lapse_data!C9,Death_data!C9) -> 677 | E9: =D9-SUM(Lapse_data!D9,Death_data!D9) -> 638 | F9: =E9-SUM(Lapse_data!E9,Death_data!E9) -> 589 | G9: =F9-SUM(Lapse_data!F9,Death_data!F9) -> 554 | H9: =G9-SUM(Lapse_data!G9,Death_data!G9) -> 524 | I9: =H9-SUM(Lapse_data!H9,Death_data!H9) -> 495 | J9: =I9-SUM(Lapse_data!I9,Death_data!I9) -> 467 | ... N9: =M9-SUM(Lapse_data!M9,Death_data!M9) -> 392 | O9: =N9 - SUM(Lapse_data!N9:Y9, Death_data!N9) -> 268 | P9: =O9 - SUM(Lapse_data!Z9:AK9, Death_data!O9) -> 203 | Q9: =P9 - SUM(Lapse_data!AL9:AW9, Death_data!P9) -> 162 | R9: =Q9 - SUM(Lapse_data!AX9:BI9, Death_data!Q9) -> 136 | S9: =R9 - SUM(Lapse_data!BJ9:BU9, Death_data!R9) -> 113 | T9: =S9 - SUM(Lapse_data!BV9:CG9, Death_data!S9) -> 96 | U9: =T9 - SUM(Lapse_data!CH9:CS9, Death_data!T9) -> 86 | V9: =U9 - SUM(Lapse_data!CT9:DE9, Death_data!U9) -> 74 | W9: =V9 - SUM(Lapse_data!DF9:DQ9, Death_data!V9) -> 71
A10: =DATE(YEAR(A9),MONTH(A9)+1,DAY(A9)) -> 42248 | B10: =Inception_data!B10 -> 783 | C10: =B10-SUM(Lapse_data!B10,Death_data!B10) -> 743 | D10: =C10-SUM(Lapse_data!C10,Death_data!C10) -> 670 | E10: =D10-SUM(Lapse_data!D10,Death_data!D10) -> 633 | F10: =E10-SUM(Lapse_data!E10,Death_data!E10) -> 587 | G10: =F10-SUM(Lapse_data!F10,Death_data!F10) -> 549 | H10: =G10-SUM(Lapse_data!G10,Death_data!G10) -> 510 | I10: =H10-SUM(Lapse_data!H10,Death_data!H10) -> 490 | J10: =I10-SUM(Lapse_data!I10,Death_data!I10) -> 465 | ... N10: =M10-SUM(Lapse_data!M10,Death_data!M10) -> 388 | O10: =N10 - SUM(Lapse_data!N10:Y10, Death_data!N10) -> 263 | P10: =O10 - SUM(Lapse_data!Z10:AK10, Death_data!O10) -> 194 | Q10: =P10 - SUM(Lapse_data!AL10:AW10, Death_data!P10) -> 151 | R10: =Q10 - SUM(Lapse_data!AX10:BI10, Death_data!Q10) -> 122 | S10: =R10 - SUM(Lapse_data!BJ10:BU10, Death_data!R10) -> 105 | T10: =S10 - SUM(Lapse_data!BV10:CG10, Death_data!S10) -> 87 | U10: =T10 - SUM(Lapse_data!CH10:CS10, Death_data!T10) -> 71 | V10: =U10 - SUM(Lapse_data!CT10:DE10, Death_data!U10) -> 63 | W10: =V10 - SUM(Lapse_data!DF10:DQ10, Death_data!V10) -> 60
A11: =DATE(YEAR(A10),MONTH(A10)+1,DAY(A10)) -> 42278 | B11: =Inception_data!B11 -> 1061 | C11: =B11-SUM(Lapse_data!B11,Death_data!B11) -> 1001 | D11: =C11-SUM(Lapse_data!C11,Death_data!C11) -> 903 | E11: =D11-SUM(Lapse_data!D11,Death_data!D11) -> 853 | F11: =E11-SUM(Lapse_data!E11,Death_data!E11) -> 784 | G11: =F11-SUM(Lapse_data!F11,Death_data!F11) -> 729 | H11: =G11-SUM(Lapse_data!G11,Death_data!G11) -> 685 | I11: =H11-SUM(Lapse_data!H11,Death_data!H11) -> 645 | J11: =I11-SUM(Lapse_data!I11,Death_data!I11) -> 612 | ... N11: =M11-SUM(Lapse_data!M11,Death_data!M11) -> 502 | O11: =N11 - SUM(Lapse_data!N11:Y11, Death_data!N11) -> 332 | P11: =O11 - SUM(Lapse_data!Z11:AK11, Death_data!O11) -> 247 | Q11: =P11 - SUM(Lapse_data!AL11:AW11, Death_data!P11) -> 203 | R11: =Q11 - SUM(Lapse_data!AX11:BI11, Death_data!Q11) -> 158 | S11: =R11 - SUM(Lapse_data!BJ11:BU11, Death_data!R11) -> 130 | T11: =S11 - SUM(Lapse_data!BV11:CG11, Death_data!S11) -> 111 | U11: =T11 - SUM(Lapse_data!CH11:CS11, Death_data!T11) -> 99 | V11: =U11 - SUM(Lapse_data!CT11:DE11, Death_data!U11) -> 89 | W11: =V11 - SUM(Lapse_data!DF11:DQ11, Death_data!V11) -> 85
A12: =DATE(YEAR(A11),MONTH(A11)+1,DAY(A11)) -> 42309 | B12: =Inception_data!B12 -> 987 | C12: =B12-SUM(Lapse_data!B12,Death_data!B12) -> 941 | D12: =C12-SUM(Lapse_data!C12,Death_data!C12) -> 834 | E12: =D12-SUM(Lapse_data!D12,Death_data!D12) -> 772 | F12: =E12-SUM(Lapse_data!E12,Death_data!E12) -> 711 | G12: =F12-SUM(Lapse_data!F12,Death_data!F12) -> 666 | H12: =G12-SUM(Lapse_data!G12,Death_data!G12) -> 633 | I12: =H12-SUM(Lapse_data!H12,Death_data!H12) -> 596 | J12: =I12-SUM(Lapse_data!I12,Death_data!I12) -> 565 | ... N12: =M12-SUM(Lapse_data!M12,Death_data!M12) -> 492 | O12: =N12 - SUM(Lapse_data!N12:Y12, Death_data!N12) -> 330 | P12: =O12 - SUM(Lapse_data!Z12:AK12, Death_data!O12) -> 260 | Q12: =P12 - SUM(Lapse_data!AL12:AW12, Death_data!P12) -> 200 | R12: =Q12 - SUM(Lapse_data!AX12:BI12, Death_data!Q12) -> 171 | S12: =R12 - SUM(Lapse_data!BJ12:BU12, Death_data!R12) -> 150 | T12: =S12 - SUM(Lapse_data!BV12:CG12, Death_data!S12) -> 133 | U12: =T12 - SUM(Lapse_data!CH12:CS12, Death_data!T12) -> 119 | V12: =U12 - SUM(Lapse_data!CT12:DE12, Death_data!U12) -> 104 | W12: =V12 - SUM(Lapse_data!DF12:DQ12, Death_data!V12) -> 104
A13: =DATE(YEAR(A12),MONTH(A12)+1,DAY(A12)) -> 42339 | B13: =Inception_data!B13 -> 903 | C13: =B13-SUM(Lapse_data!B13,Death_data!B13) -> 843 | D13: =C13-SUM(Lapse_data!C13,Death_data!C13) -> 765 | E13: =D13-SUM(Lapse_data!D13,Death_data!D13) -> 708 | F13: =E13-SUM(Lapse_data!E13,Death_data!E13) -> 651 | G13: =F13-SUM(Lapse_data!F13,Death_data!F13) -> 595 | H13: =G13-SUM(Lapse_data!G13,Death_data!G13) -> 563 | I13: =H13-SUM(Lapse_data!H13,Death_data!H13) -> 536 | J13: =I13-SUM(Lapse_data!I13,Death_data!I13) -> 506 | ... N13: =M13-SUM(Lapse_data!M13,Death_data!M13) -> 414 | O13: =N13 - SUM(Lapse_data!N13:Y13, Death_data!N13) -> 273 | P13: =O13 - SUM(Lapse_data!Z13:AK13, Death_data!O13) -> 203 | Q13: =P13 - SUM(Lapse_data!AL13:AW13, Death_data!P13) -> 160 | R13: =Q13 - SUM(Lapse_data!AX13:BI13, Death_data!Q13) -> 130 | S13: =R13 - SUM(Lapse_data!BJ13:BU13, Death_data!R13) -> 112 | T13: =S13 - SUM(Lapse_data!BV13:CG13, Death_data!S13) -> 95 | U13: =T13 - SUM(Lapse_data!CH13:CS13, Death_data!T13) -> 83 | V13: =U13 - SUM(Lapse_data!CT13:DE13, Death_data!U13) -> 71 | W13: =V13 - SUM(Lapse_data!DF13:DQ13, Death_data!V13) -> 70
A14: =DATE(YEAR(A13),MONTH(A13)+1,DAY(A13)) -> 42370 | B14: =Inception_data!B14 -> 932 | C14: =B14-SUM(Lapse_data!B14,Death_data!B14) -> 876 | D14: =C14-SUM(Lapse_data!C14,Death_data!C14) -> 809 | E14: =D14-SUM(Lapse_data!D14,Death_data!D14) -> 728 | F14: =E14-SUM(Lapse_data!E14,Death_data!E14) -> 670 | G14: =F14-SUM(Lapse_data!F14,Death_data!F14) -> 617 | H14: =G14-SUM(Lapse_data!G14,Death_data!G14) -> 583 | I14: =H14-SUM(Lapse_data!H14,Death_data!H14) -> 541 | J14: =I14-SUM(Lapse_data!I14,Death_data!I14) -> 514 | ... N14: =M14-SUM(Lapse_data!M14,Death_data!M14) -> 424 | O14: =N14 - SUM(Lapse_data!N14:Y14, Death_data!N14) -> 303 | P14: =O14 - SUM(Lapse_data!Z14:AK14, Death_data!O14) -> 227 | Q14: =P14 - SUM(Lapse_data!AL14:AW14, Death_data!P14) -> 182 | R14: =Q14 - SUM(Lapse_data!AX14:BI14, Death_data!Q14) -> 139 | S14: =R14 - SUM(Lapse_data!BJ14:BU14, Death_data!R14) -> 125 | T14: =S14 - SUM(Lapse_data!BV14:CG14, Death_data!S14) -> 110 | U14: =T14 - SUM(Lapse_data!CH14:CS14, Death_data!T14) -> 95 | V14: =U14 - SUM(Lapse_data!CT14:DE14, Death_data!U14) -> 84 | W14: =V14 - SUM(Lapse_data!DF14:DQ14, Death_data!V14) -> 84
... A121: =DATE(YEAR(A120),MONTH(A120)+1,DAY(A120)) -> 45627 | B121: =Inception_data!B121 -> 134 | C121: =B121-SUM(Lapse_data!B121,Death_data!B121) -> 129 | D121: =C121-SUM(Lapse_data!C121,Death_data!C121) -> 129 | E121: =D121-SUM(Lapse_data!D121,Death_data!D121) -> 129 | F121: =E121-SUM(Lapse_data!E121,Death_data!E121) -> 129 | G121: =F121-SUM(Lapse_data!F121,Death_data!F121) -> 129 | H121: =G121-SUM(Lapse_data!G121,Death_data!G121) -> 129 | I121: =H121-SUM(Lapse_data!H121,Death_data!H121) -> 129 | J121: =I121-SUM(Lapse_data!I121,Death_data!I121) -> 129 | ... N121: =M121-SUM(Lapse_data!M121,Death_data!M121) -> 129 | O121: =N121 - SUM(Lapse_data!N121:Y121, Death_data!N121) -> 129 | P121: =O121 - SUM(Lapse_data!Z121:AK121, Death_data!O121) -> 129 | Q121: =P121 - SUM(Lapse_data!AL121:AW121, Death_data!P121) -> 129 | R121: =Q121 - SUM(Lapse_data!AX121:BI121, Death_data!Q121) -> 129 | S121: =R121 - SUM(Lapse_data!BJ121:BU121, Death_data!R121) -> 129 | T121: =S121 - SUM(Lapse_data!BV121:CG121, Death_data!S121) -> 129 | U121: =T121 - SUM(Lapse_data!CH121:CS121, Death_data!T121) -> 129 | V121: =U121 - SUM(Lapse_data!CT121:DE121, Death_data!U121) -> 129 | W121: =V121 - SUM(Lapse_data!DF121:DQ121, Death_data!V121) -> 129

Sheet Calcs
A1: Student number: | B1: 23566508
J2: Assumptions used : uniform distribution of deaths over any month or year , uniform distribution of individuals incepting within any month, and assume that mortality and Lapses are the only decrements considered.
A3: Question (i):
A4: Checks : -Sanity checks on values & rates What: (a) non-negative counts death and lapse counts; (b) extreme crude monthly lapse rates(e.g., >40%/month) -Every cohort_start date in Lapse_data also exists in Death_data, Inception_data, and Policies_In-Force. Why: Stops unnoticed data matching mistakes that would skew how much exposure or how many events we count. -Recursion of in-force from month to month (Year 1) Why: Validates that the in-force run off is internally consistent with decrements. -Recursion of in-force by policy year (Years 2–10) Why: Ensures monthly lapses (months 13–120) and annual deaths reconcile with year-start in-force.
A6: Lapse counts per month grouped by inception year:
A7: Inception year | B7: Month 1 | C7: Month 2 | D7: Month 3 | E7: Month 4 | F7: Month 5 | G7: Month 6 | H7: Month 7 | I7: Month 8 | J7: Month 9 | K7: Month 10 | L7: Month 11 | M7: Month 12 | N7: Month 13 | O7: Month 14 | P7: Month 15 | Q7: Month 16 | R7: Month 17 | S7: Month 18 | T7: Month 19 | U7: Month 20 | V7: Month 21 | W7: Month 22 | X7: Month 23 | Y7: Month 24 | Z7: Month 25 | AA7: Month 26 | AB7: Month 27 | AC7: Month 28 | AD7: Month 29 | AE7: Month 30 | AF7: Month 31 | AG7: Month 32 | AH7: Month 33 | AI7: Month 34 | AJ7: Month 35 | AK7: Month 36 | AL7: Month 37 | AM7: Month 38 | AN7: Month 39 | AO7: Month 40 | AP7: Month 41 | AQ7: Month 42 | AR7: Month 43 | AS7: Month 44 | AT7: Month 45 | AU7: Month 46 | AV7: Month 47 | AW7: Month 48 | AX7: Month 49 | AY7: Month 50 | AZ7: Month 51 | BA7: Month 52 | BB7: Month 53 | BC7: Month 54 | BD7: Month 55 | BE7: Month 56 | BF7: Month 57 | BG7: Month 58 | BH7: Month 59 | BI7: Month 60 | BJ7: Month 61 | BK7: Month 62 | BL7: Month 63 | BM7: Month 64 | BN7: Month 65 | BO7: Month 66 | BP7: Month 67 | BQ7: Month 68 | BR7: Month 69 | BS7: Month 70 | BT7: Month 71 | BU7: Month 72 | BV7: Month 73 | BW7: Month 74 | BX7: Month 75 | BY7: Month 76 | BZ7: Month 77 | CA7: Month 78 | CB7: Month 79 | CC7: Month 80 | CD7: Month 81 | CE7: Month 82 | CF7: Month 83 | CG7: Month 84 | CH7: Month 85 | CI7: Month 86 | CJ7: Month 87 | CK7: Month 88 | CL7: Month 89 | CM7: Month 90 | CN7: Month 91 | CO7: Month 92 | CP7: Month 93 | CQ7: Month 94 | CR7: Month 95 | CS7: Month 96 | CT7: Month 97 | CU7: Month 98 | CV7: Month 99 | CW7: Month 100 | CX7: Month 101 | CY7: Month 102 | CZ7: Month 103 | DA7: Month 104 | DB7: Month 105 | DC7: Month 106 | DD7: Month 107 | DE7: Month 108 | DF7: Month 109 | DG7: Month 110 | DH7: Month 111 | DI7: Month 112 | DJ7: Month 113 | DK7: Month 114 | DL7: Month 115 | DM7: Month 116 | DN7: Month 117 | DO7: Month 118 | DP7: Month 119 | DQ7: Month 120
A8: 2015 | B8: =SUMIFS(Lapse_data!B:B, Lapse_data!$A:$A, ">="&DATE($A8,1,1), Lapse_data!$A:$A, "<="&DATE($A8,12,31)) -> 596 | C8: =SUMIFS(Lapse_data!C:C, Lapse_data!$A:$A, ">="&DATE($A8,1,1), Lapse_data!$A:$A, "<="&DATE($A8,12,31)) -> 1022 | D8: =SUMIFS(Lapse_data!D:D, Lapse_data!$A:$A, ">="&DATE($A8,1,1), Lapse_data!$A:$A, "<="&DATE($A8,12,31)) -> 632 | E8: =SUMIFS(Lapse_data!E:E, Lapse_data!$A:$A, ">="&DATE($A8,1,1), Lapse_data!$A:$A, "<="&DATE($A8,12,31)) -> 712 | F8: =SUMIFS(Lapse_data!F:F, Lapse_data!$A:$A, ">="&DATE($A8,1,1), Lapse_data!$A:$A, "<="&DATE($A8,12,31)) -> 533 | G8: =SUMIFS(Lapse_data!G:G, Lapse_data!$A:$A, ">="&DATE($A8,1,1), Lapse_data!$A:$A, "<="&DATE($A8,12,31)) -> 478 | H8: =SUMIFS(Lapse_data!H:H, Lapse_data!$A:$A, ">="&DATE($A8,1,1), Lapse_data!$A:$A, "<="&DATE($A8,12,31)) -> 395 | I8: =SUMIFS(Lapse_data!I:I, Lapse_data!$A:$A, ">="&DATE($A8,1,1), Lapse_data!$A:$A, "<="&DATE($A8,12,31)) -> 355 | J8: =SUMIFS(Lapse_data!J:J, Lapse_data!$A:$A, ">="&DATE($A8,1,1), Lapse_data!$A:$A, "<="&DATE($A8,12,31)) -> 336 | K8: =SUMIFS(Lapse_data!K:K, Lapse_data!$A:$A, ">="&DATE($A8,1,1), Lapse_data!$A:$A, "<="&DATE($A8,12,31)) -> 272 | L8: =SUMIFS(Lapse_data!L:L, Lapse_data!$A:$A, ">="&DATE($A8,1,1), Lapse_data!$A:$A, "<="&DATE($A8,12,31)) -> 231 | M8: =SUMIFS(Lapse_data!M:M, Lapse_data!$A:$A, ">="&DATE($A8,1,1), Lapse_data!$A:$A, "<="&DATE($A8,12,31)) -> 238 | N8: =SUMIFS(Lapse_data!N:N, Lapse_data!$A:$A, ">="&DATE($A8,1,1), Lapse_data!$A:$A, "<="&DATE($A8,12,31)) -> 229 | O8: =SUMIFS(Lapse_data!O:O, Lapse_data!$A:$A, ">="&DATE($A8,1,1), Lapse_data!$A:$A, "<="&DATE($A8,12,31)) -> 236 | P8: =SUMIFS(Lapse_data!P:P, Lapse_data!$A:$A, ">="&DATE($A8,1,1), Lapse_data!$A:$A, "<="&DATE($A8,12,31)) -> 202 | Q8: =SUMIFS(Lapse_data!Q:Q, Lapse_data!$A:$A, ">="&DATE($A8,1,1), Lapse_data!$A:$A, "<="&DATE($A8,12,31)) -> 193 | R8: =SUMIFS(Lapse_data!R:R, Lapse_data!$A:$A, ">="&DATE($A8,1,1), Lapse_data!$A:$A, "<="&DATE($A8,12,31)) -> 163 | S8: =SUMIFS(Lapse_data!S:S, Lapse_data!$A:$A, ">="&DATE($A8,1,1), Lapse_data!$A:$A, "<="&DATE($A8,12,31)) -> 142 | T8: =SUMIFS(Lapse_data!T:T, Lapse_data!$A:$A, ">="&DATE($A8,1,1), Lapse_data!$A:$A, "<="&DATE($A8,12,31)) -> 145 | U8: =SUMIFS(Lapse_data!U:U, Lapse_data!$A:$A, ">="&DATE($A8,1,1), Lapse_data!$A:$A, "<="&DATE($A8,12,31)) -> 124 | V8: =SUMIFS(Lapse_data!V:V, Lapse_data!$A:$A, ">="&DATE($A8,1,1), Lapse_data!$A:$A, "<="&DATE($A8,12,31)) -> 129 | W8: =SUMIFS(Lapse_data!W:W, Lapse_data!$A:$A, ">="&DATE($A8,1,1), Lapse_data!$A:$A, "<="&DATE($A8,12,31)) -> 121 | X8: =SUMIFS(Lapse_data!X:X, Lapse_data!$A:$A, ">="&DATE($A8,1,1), Lapse_data!$A:$A, "<="&DATE($A8,12,31)) -> 104 | Y8: =SUMIFS(Lapse_data!Y:Y, Lapse_data!$A:$A, ">="&DATE($A8,1,1), Lapse_data!$A:$A, "<="&DATE($A8,12,31)) -> 114 | Z8: =SUMIFS(Lapse_data!Z:Z, Lapse_data!$A:$A, ">="&DATE($A8,1,1), Lapse_data!$A:$A, "<="&DATE($A8,12,31)) -> 91 | AA8: =SUMIFS(Lapse_data!AA:AA, Lapse_data!$A:$A, ">="&DATE($A8,1,1), Lapse_data!$A:$A, "<="&DATE($A8,12,31)) -> 100 | AB8: =SUMIFS(Lapse_data!AB:AB, Lapse_data!$A:$A, ">="&DATE($A8,1,1), Lapse_data!$A:$A, "<="&DATE($A8,12,31)) -> 80 | AC8: =SUMIFS(Lapse_data!AC:AC, Lapse_data!$A:$A, ">="&DATE($A8,1,1), Lapse_data!$A:$A, "<="&DATE($A8,12,31)) -> 97 | AD8: =SUMIFS(Lapse_data!AD:AD, Lapse_data!$A:$A, ">="&DATE($A8,1,1), Lapse_data!$A:$A, "<="&DATE($A8,12,31)) -> 99 | AE8: =SUMIFS(Lapse_data!AE:AE, Lapse_data!$A:$A, ">="&DATE($A8,1,1), Lapse_data!$A:$A, "<="&DATE($A8,12,31)) -> 70 | AF8: =SUMIFS(Lapse_data!AF:AF, Lapse_data!$A:$A, ">="&DATE($A8,1,1), Lapse_data!$A:$A, "<="&DATE($A8,12,31)) -> 81 | AG8: =SUMIFS(Lapse_data!AG:AG, Lapse_data!$A:$A, ">="&DATE($A8,1,1), Lapse_data!$A:$A, "<="&DATE($A8,12,31)) -> 78 | AH8: =SUMIFS(Lapse_data!AH:AH, Lapse_data!$A:$A, ">="&DATE($A8,1,1), Lapse_data!$A:$A, "<="&DATE($A8,12,31)) -> 57 | AI8: =SUMIFS(Lapse_data!AI:AI, Lapse_data!$A:$A, ">="&DATE($A8,1,1), Lapse_data!$A:$A, "<="&DATE($A8,12,31)) -> 66 | AJ8: =SUMIFS(Lapse_data!AJ:AJ, Lapse_data!$A:$A, ">="&DATE($A8,1,1), Lapse_data!$A:$A, "<="&DATE($A8,12,31)) -> 72 | AK8: =SUMIFS(Lapse_data!AK:AK, Lapse_data!$A:$A, ">="&DATE($A8,1,1), Lapse_data!$A:$A, "<="&DATE($A8,12,31)) -> 64 | AL8: =SUMIFS(Lapse_data!AL:AL, Lapse_data!$A:$A, ">="&DATE($A8,1,1), Lapse_data!$A:$A, "<="&DATE($A8,12,31)) -> 69 | AM8: =SUMIFS(Lapse_data!AM:AM, Lapse_data!$A:$A, ">="&DATE($A8,1,1), Lapse_data!$A:$A, "<="&DATE($A8,12,31)) -> 62 | AN8: =SUMIFS(Lapse_data!AN:AN, Lapse_data!$A:$A, ">="&DATE($A8,1,1), Lapse_data!$A:$A, "<="&DATE($A8,12,31)) -> 69 | AO8: =SUMIFS(Lapse_data!AO:AO, Lapse_data!$A:$A, ">="&DATE($A8,1,1), Lapse_data!$A:$A, "<="&DATE($A8,12,31)) -> 50 | AP8: =SUMIFS(Lapse_data!AP:AP, Lapse_data!$A:$A, ">="&DATE($A8,1,1), Lapse_data!$A:$A, "<="&DATE($A8,12,31)) -> 42 | AQ8: =SUMIFS(Lapse_data!AQ:AQ, Lapse_data!$A:$A, ">="&DATE($A8,1,1), Lapse_data!$A:$A, "<="&DATE($A8,12,31)) -> 51 | AR8: =SUMIFS(Lapse_data!AR:AR, Lapse_data!$A:$A, ">="&DATE($A8,1,1), Lapse_data!$A:$A, "<="&DATE($A8,12,31)) -> 56 | AS8: =SUMIFS(Lapse_data!AS:AS, Lapse_data!$A:$A, ">="&DATE($A8,1,1), Lapse_data!$A:$A, "<="&DATE($A8,12,31)) -> 49 | AT8: =SUMIFS(Lapse_data!AT:AT, Lapse_data!$A:$A, ">="&DATE($A8,1,1), Lapse_data!$A:$A, "<="&DATE($A8,12,31)) -> 44 | AU8: =SUMIFS(Lapse_data!AU:AU, Lapse_data!$A:$A, ">="&DATE($A8,1,1), Lapse_data!$A:$A, "<="&DATE($A8,12,31)) -> 45 | AV8: =SUMIFS(Lapse_data!AV:AV, Lapse_data!$A:$A, ">="&DATE($A8,1,1), Lapse_data!$A:$A, "<="&DATE($A8,12,31)) -> 50 | AW8: =SUMIFS(Lapse_data!AW:AW, Lapse_data!$A:$A, ">="&DATE($A8,1,1), Lapse_data!$A:$A, "<="&DATE($A8,12,31)) -> 50 | AX8: =SUMIFS(Lapse_data!AX:AX, Lapse_data!$A:$A, ">="&DATE($A8,1,1), Lapse_data!$A:$A, "<="&DATE($A8,12,31)) -> 41 | AY8: =SUMIFS(Lapse_data!AY:AY, Lapse_data!$A:$A, ">="&DATE($A8,1,1), Lapse_data!$A:$A, "<="&DATE($A8,12,31)) -> 45 | AZ8: =SUMIFS(Lapse_data!AZ:AZ, Lapse_data!$A:$A, ">="&DATE($A8,1,1), Lapse_data!$A:$A, "<="&DATE($A8,12,31)) -> 35 | BA8: =SUMIFS(Lapse_data!BA:BA, Lapse_data!$A:$A, ">="&DATE($A8,1,1), Lapse_data!$A:$A, "<="&DATE($A8,12,31)) -> 33 | BB8: =SUMIFS(Lapse_data!BB:BB, Lapse_data!$A:$A, ">="&DATE($A8,1,1), Lapse_data!$A:$A, "<="&DATE($A8,12,31)) -> 47 | BC8: =SUMIFS(Lapse_data!BC:BC, Lapse_data!$A:$A, ">="&DATE($A8,1,1), Lapse_data!$A:$A, "<="&DATE($A8,12,31)) -> 36 | BD8: =SUMIFS(Lapse_data!BD:BD, Lapse_data!$A:$A, ">="&DATE($A8,1,1), Lapse_data!$A:$A, "<="&DATE($A8,12,31)) -> 25 | BE8: =SUMIFS(Lapse_data!BE:BE, Lapse_data!$A:$A, ">="&DATE($A8,1,1), Lapse_data!$A:$A, "<="&DATE($A8,12,31)) -> 32 | BF8: =SUMIFS(Lapse_data!BF:BF, Lapse_data!$A:$A, ">="&DATE($A8,1,1), Lapse_data!$A:$A, "<="&DATE($A8,12,31)) -> 26 | BG8: =SUMIFS(Lapse_data!BG:BG, Lapse_data!$A:$A, ">="&DATE($A8,1,1), Lapse_data!$A:$A, "<="&DATE($A8,12,31)) -> 40 | BH8: =SUMIFS(Lapse_data!BH:BH, Lapse_data!$A:$A, ">="&DATE($A8,1,1), Lapse_data!$A:$A, "<="&DATE($A8,12,31)) -> 27 | BI8: =SUMIFS(Lapse_data!BI:BI, Lapse_data!$A:$A, ">="&DATE($A8,1,1), Lapse_data!$A:$A, "<="&DATE($A8,12,31)) -> 33 | BJ8: =SUMIFS(Lapse_data!BJ:BJ, Lapse_data!$A:$A, ">="&DATE($A8,1,1), Lapse_data!$A:$A, "<="&DATE($A8,12,31)) -> 25 | BK8: =SUMIFS(Lapse_data!BK:BK, Lapse_data!$A:$A, ">="&DATE($A8,1,1), Lapse_data!$A:$A, "<="&DATE($A8,12,31)) -> 28 | BL8: =SUMIFS(Lapse_data!BL:BL, Lapse_data!$A:$A, ">="&DATE($A8,1,1), Lapse_data!$A:$A, "<="&DATE($A8,12,31)) -> 27 | BM8: =SUMIFS(Lapse_data!BM:BM, Lapse_data!$A:$A, ">="&DATE($A8,1,1), Lapse_data!$A:$A, "<="&DATE($A8,12,31)) -> 22 | BN8: =SUMIFS(Lapse_data!BN:BN, Lapse_data!$A:$A, ">="&DATE($A8,1,1), Lapse_data!$A:$A, "<="&DATE($A8,12,31)) -> 23 | BO8: =SUMIFS(Lapse_data!BO:BO, Lapse_data!$A:$A, ">="&DATE($A8,1,1), Lapse_data!$A:$A, "<="&DATE($A8,12,31)) -> 30 | BP8: =SUMIFS(Lapse_data!BP:BP, Lapse_data!$A:$A, ">="&DATE($A8,1,1), Lapse_data!$A:$A, "<="&DATE($A8,12,31)) -> 35 | BQ8: =SUMIFS(Lapse_data!BQ:BQ, Lapse_data!$A:$A, ">="&DATE($A8,1,1), Lapse_data!$A:$A, "<="&DATE($A8,12,31)) -> 17 | BR8: =SUMIFS(Lapse_data!BR:BR, Lapse_data!$A:$A, ">="&DATE($A8,1,1), Lapse_data!$A:$A, "<="&DATE($A8,12,31)) -> 22 | BS8: =SUMIFS(Lapse_data!BS:BS, Lapse_data!$A:$A, ">="&DATE($A8,1,1), Lapse_data!$A:$A, "<="&DATE($A8,12,31)) -> 22 | BT8: =SUMIFS(Lapse_data!BT:BT, Lapse_data!$A:$A, ">="&DATE($A8,1,1), Lapse_data!$A:$A, "<="&DATE($A8,12,31)) -> 25 | BU8: =SUMIFS(Lapse_data!BU:BU, Lapse_data!$A:$A, ">="&DATE($A8,1,1), Lapse_data!$A:$A, "<="&DATE($A8,12,31)) -> 28 | BV8: =SUMIFS(Lapse_data!BV:BV, Lapse_data!$A:$A, ">="&DATE($A8,1,1), Lapse_data!$A:$A, "<="&DATE($A8,12,31)) -> 14 | BW8: =SUMIFS(Lapse_data!BW:BW, Lapse_data!$A:$A, ">="&DATE($A8,1,1), Lapse_data!$A:$A, "<="&DATE($A8,12,31)) -> 23 | BX8: =SUMIFS(Lapse_data!BX:BX, Lapse_data!$A:$A, ">="&DATE($A8,1,1), Lapse_data!$A:$A, "<="&DATE($A8,12,31)) -> 17 | BY8: =SUMIFS(Lapse_data!BY:BY, Lapse_data!$A:$A, ">="&DATE($A8,1,1), Lapse_data!$A:$A, "<="&DATE($A8,12,31)) -> 20 | BZ8: =SUMIFS(Lapse_data!BZ:BZ, Lapse_data!$A:$A, ">="&DATE($A8,1,1), Lapse_data!$A:$A, "<="&DATE($A8,12,31)) -> 20 | CA8: =SUMIFS(Lapse_data!CA:CA, Lapse_data!$A:$A, ">="&DATE($A8,1,1), Lapse_data!$A:$A, "<="&DATE($A8,12,31)) -> 18 | CB8: =SUMIFS(Lapse_data!CB:CB, Lapse_data!$A:$A, ">="&DATE($A8,1,1), Lapse_data!$A:$A, "<="&DATE($A8,12,31)) -> 23 | CC8: =SUMIFS(Lapse_data!CC:CC, Lapse_data!$A:$A, ">="&DATE($A8,1,1), Lapse_data!$A:$A, "<="&DATE($A8,12,31)) -> 22 | CD8: =SUMIFS(Lapse_data!CD:CD, Lapse_data!$A:$A, ">="&DATE($A8,1,1), Lapse_data!$A:$A, "<="&DATE($A8,12,31)) -> 18 | CE8: =SUMIFS(Lapse_data!CE:CE, Lapse_data!$A:$A, ">="&DATE($A8,1,1), Lapse_data!$A:$A, "<="&DATE($A8,12,31)) -> 13 | CF8: =SUMIFS(Lapse_data!CF:CF, Lapse_data!$A:$A, ">="&DATE($A8,1,1), Lapse_data!$A:$A, "<="&DATE($A8,12,31)) -> 18 | CG8: =SUMIFS(Lapse_data!CG:CG, Lapse_data!$A:$A, ">="&DATE($A8,1,1), Lapse_data!$A:$A, "<="&DATE($A8,12,31)) -> 19 | CH8: =SUMIFS(Lapse_data!CH:CH, Lapse_data!$A:$A, ">="&DATE($A8,1,1), Lapse_data!$A:$A, "<="&DATE($A8,12,31)) -> 16 | CI8: =SUMIFS(Lapse_data!CI:CI, Lapse_data!$A:$A, ">="&DATE($A8,1,1), Lapse_data!$A:$A, "<="&DATE($A8,12,31)) -> 11 | CJ8: =SUMIFS(Lapse_data!CJ:CJ, Lapse_data!$A:$A, ">="&DATE($A8,1,1), Lapse_data!$A:$A, "<="&DATE($A8,12,31)) -> 13 | CK8: =SUMIFS(Lapse_data!CK:CK, Lapse_data!$A:$A, ">="&DATE($A8,1,1), Lapse_data!$A:$A, "<="&DATE($A8,12,31)) -> 16 | CL8: =SUMIFS(Lapse_data!CL:CL, Lapse_data!$A:$A, ">="&DATE($A8,1,1), Lapse_data!$A:$A, "<="&DATE($A8,12,31)) -> 17 | CM8: =SUMIFS(Lapse_data!CM:CM, Lapse_data!$A:$A, ">="&DATE($A8,1,1), Lapse_data!$A:$A, "<="&DATE($A8,12,31)) -> 11 | CN8: =SUMIFS(Lapse_data!CN:CN, Lapse_data!$A:$A, ">="&DATE($A8,1,1), Lapse_data!$A:$A, "<="&DATE($A8,12,31)) -> 16 | CO8: =SUMIFS(Lapse_data!CO:CO, Lapse_data!$A:$A, ">="&DATE($A8,1,1), Lapse_data!$A:$A, "<="&DATE($A8,12,31)) -> 16 | CP8: =SUMIFS(Lapse_data!CP:CP, Lapse_data!$A:$A, ">="&DATE($A8,1,1), Lapse_data!$A:$A, "<="&DATE($A8,12,31)) -> 14 | CQ8: =SUMIFS(Lapse_data!CQ:CQ, Lapse_data!$A:$A, ">="&DATE($A8,1,1), Lapse_data!$A:$A, "<="&DATE($A8,12,31)) -> 9 | CR8: =SUMIFS(Lapse_data!CR:CR, Lapse_data!$A:$A, ">="&DATE($A8,1,1), Lapse_data!$A:$A, "<="&DATE($A8,12,31)) -> 10 | CS8: =SUMIFS(Lapse_data!CS:CS, Lapse_data!$A:$A, ">="&DATE($A8,1,1), Lapse_data!$A:$A, "<="&DATE($A8,12,31)) -> 19 | CT8: =SUMIFS(Lapse_data!CT:CT, Lapse_data!$A:$A, ">="&DATE($A8,1,1), Lapse_data!$A:$A, "<="&DATE($A8,12,31)) -> 11 | CU8: =SUMIFS(Lapse_data!CU:CU, Lapse_data!$A:$A, ">="&DATE($A8,1,1), Lapse_data!$A:$A, "<="&DATE($A8,12,31)) -> 14 | CV8: =SUMIFS(Lapse_data!CV:CV, Lapse_data!$A:$A, ">="&DATE($A8,1,1), Lapse_data!$A:$A, "<="&DATE($A8,12,31)) -> 11 | CW8: =SUMIFS(Lapse_data!CW:CW, Lapse_data!$A:$A, ">="&DATE($A8,1,1), Lapse_data!$A:$A, "<="&DATE($A8,12,31)) -> 11 | CX8: =SUMIFS(Lapse_data!CX:CX, Lapse_data!$A:$A, ">="&DATE($A8,1,1), Lapse_data!$A:$A, "<="&DATE($A8,12,31)) -> 16 | CY8: =SUMIFS(Lapse_data!CY:CY, Lapse_data!$A:$A, ">="&DATE($A8,1,1), Lapse_data!$A:$A, "<="&DATE($A8,12,31)) -> 7 | CZ8: =SUMIFS(Lapse_data!CZ:CZ, Lapse_data!$A:$A, ">="&DATE($A8,1,1), Lapse_data!$A:$A, "<="&DATE($A8,12,31)) -> 12 | DA8: =SUMIFS(Lapse_data!DA:DA, Lapse_data!$A:$A, ">="&DATE($A8,1,1), Lapse_data!$A:$A, "<="&DATE($A8,12,31)) -> 4 | DB8: =SUMIFS(Lapse_data!DB:DB, Lapse_data!$A:$A, ">="&DATE($A8,1,1), Lapse_data!$A:$A, "<="&DATE($A8,12,31)) -> 8 | DC8: =SUMIFS(Lapse_data!DC:DC, Lapse_data!$A:$A, ">="&DATE($A8,1,1), Lapse_data!$A:$A, "<="&DATE($A8,12,31)) -> 10 | DD8: =SUMIFS(Lapse_data!DD:DD, Lapse_data!$A:$A, ">="&DATE($A8,1,1), Lapse_data!$A:$A, "<="&DATE($A8,12,31)) -> 13 | DE8: =SUMIFS(Lapse_data!DE:DE, Lapse_data!$A:$A, ">="&DATE($A8,1,1), Lapse_data!$A:$A, "<="&DATE($A8,12,31)) -> 11 | DF8: =SUMIFS(Lapse_data!DF:DF, Lapse_data!$A:$A, ">="&DATE($A8,1,1), Lapse_data!$A:$A, "<="&DATE($A8,12,31)) -> 15 | DG8: =SUMIFS(Lapse_data!DG:DG, Lapse_data!$A:$A, ">="&DATE($A8,1,1), Lapse_data!$A:$A, "<="&DATE($A8,12,31)) -> 14 | DH8: =SUMIFS(Lapse_data!DH:DH, Lapse_data!$A:$A, ">="&DATE($A8,1,1), Lapse_data!$A:$A, "<="&DATE($A8,12,31)) -> 6 | DI8: =SUMIFS(Lapse_data!DI:DI, Lapse_data!$A:$A, ">="&DATE($A8,1,1), Lapse_data!$A:$A, "<="&DATE($A8,12,31)) -> 9 | DJ8: =SUMIFS(Lapse_data!DJ:DJ, Lapse_data!$A:$A, ">="&DATE($A8,1,1), Lapse_data!$A:$A, "<="&DATE($A8,12,31)) -> 6 | DK8: =SUMIFS(Lapse_data!DK:DK, Lapse_data!$A:$A, ">="&DATE($A8,1,1), Lapse_data!$A:$A, "<="&DATE($A8,12,31)) -> 6 | DL8: =SUMIFS(Lapse_data!DL:DL, Lapse_data!$A:$A, ">="&DATE($A8,1,1), Lapse_data!$A:$A, "<="&DATE($A8,12,31)) -> 3 | DM8: =SUMIFS(Lapse_data!DM:DM, Lapse_data!$A:$A, ">="&DATE($A8,1,1), Lapse_data!$A:$A, "<="&DATE($A8,12,31)) -> 3 | DN8: =SUMIFS(Lapse_data!DN:DN, Lapse_data!$A:$A, ">="&DATE($A8,1,1), Lapse_data!$A:$A, "<="&DATE($A8,12,31)) -> 3 | DO8: =SUMIFS(Lapse_data!DO:DO, Lapse_data!$A:$A, ">="&DATE($A8,1,1), Lapse_data!$A:$A, "<="&DATE($A8,12,31)) -> 0 | DP8: =SUMIFS(Lapse_data!DP:DP, Lapse_data!$A:$A, ">="&DATE($A8,1,1), Lapse_data!$A:$A, "<="&DATE($A8,12,31)) -> 0 | DQ8: =SUMIFS(Lapse_data!DQ:DQ, Lapse_data!$A:$A, ">="&DATE($A8,1,1), Lapse_data!$A:$A, "<="&DATE($A8,12,31)) -> 1
A9: 2016 | B9: =SUMIFS(Lapse_data!B:B, Lapse_data!$A:$A, ">="&DATE($A9,1,1), Lapse_data!$A:$A, "<="&DATE($A9,12,31)) -> 569 | C9: =SUMIFS(Lapse_data!C:C, Lapse_data!$A:$A, ">="&DATE($A9,1,1), Lapse_data!$A:$A, "<="&DATE($A9,12,31)) -> 890 | D9: =SUMIFS(Lapse_data!D:D, Lapse_data!$A:$A, ">="&DATE($A9,1,1), Lapse_data!$A:$A, "<="&DATE($A9,12,31)) -> 624 | E9: =SUMIFS(Lapse_data!E:E, Lapse_data!$A:$A, ">="&DATE($A9,1,1), Lapse_data!$A:$A, "<="&DATE($A9,12,31)) -> 580 | F9: =SUMIFS(Lapse_data!F:F, Lapse_data!$A:$A, ">="&DATE($A9,1,1), Lapse_data!$A:$A, "<="&DATE($A9,12,31)) -> 418 | G9: =SUMIFS(Lapse_data!G:G, Lapse_data!$A:$A, ">="&DATE($A9,1,1), Lapse_data!$A:$A, "<="&DATE($A9,12,31)) -> 379 | H9: =SUMIFS(Lapse_data!H:H, Lapse_data!$A:$A, ">="&DATE($A9,1,1), Lapse_data!$A:$A, "<="&DATE($A9,12,31)) -> 352 | I9: =SUMIFS(Lapse_data!I:I, Lapse_data!$A:$A, ">="&DATE($A9,1,1), Lapse_data!$A:$A, "<="&DATE($A9,12,31)) -> 268 | J9: =SUMIFS(Lapse_data!J:J, Lapse_data!$A:$A, ">="&DATE($A9,1,1), Lapse_data!$A:$A, "<="&DATE($A9,12,31)) -> 228 | K9: =SUMIFS(Lapse_data!K:K, Lapse_data!$A:$A, ">="&DATE($A9,1,1), Lapse_data!$A:$A, "<="&DATE($A9,12,31)) -> 219 | L9: =SUMIFS(Lapse_data!L:L, Lapse_data!$A:$A, ">="&DATE($A9,1,1), Lapse_data!$A:$A, "<="&DATE($A9,12,31)) -> 214 | M9: =SUMIFS(Lapse_data!M:M, Lapse_data!$A:$A, ">="&DATE($A9,1,1), Lapse_data!$A:$A, "<="&DATE($A9,12,31)) -> 189 | N9: =SUMIFS(Lapse_data!N:N, Lapse_data!$A:$A, ">="&DATE($A9,1,1), Lapse_data!$A:$A, "<="&DATE($A9,12,31)) -> 162 | O9: =SUMIFS(Lapse_data!O:O, Lapse_data!$A:$A, ">="&DATE($A9,1,1), Lapse_data!$A:$A, "<="&DATE($A9,12,31)) -> 159 | P9: =SUMIFS(Lapse_data!P:P, Lapse_data!$A:$A, ">="&DATE($A9,1,1), Lapse_data!$A:$A, "<="&DATE($A9,12,31)) -> 124 | Q9: =SUMIFS(Lapse_data!Q:Q, Lapse_data!$A:$A, ">="&DATE($A9,1,1), Lapse_data!$A:$A, "<="&DATE($A9,12,31)) -> 111 | R9: =SUMIFS(Lapse_data!R:R, Lapse_data!$A:$A, ">="&DATE($A9,1,1), Lapse_data!$A:$A, "<="&DATE($A9,12,31)) -> 105 | S9: =SUMIFS(Lapse_data!S:S, Lapse_data!$A:$A, ">="&DATE($A9,1,1), Lapse_data!$A:$A, "<="&DATE($A9,12,31)) -> 114 | T9: =SUMIFS(Lapse_data!T:T, Lapse_data!$A:$A, ">="&DATE($A9,1,1), Lapse_data!$A:$A, "<="&DATE($A9,12,31)) -> 111 | U9: =SUMIFS(Lapse_data!U:U, Lapse_data!$A:$A, ">="&DATE($A9,1,1), Lapse_data!$A:$A, "<="&DATE($A9,12,31)) -> 103 | V9: =SUMIFS(Lapse_data!V:V, Lapse_data!$A:$A, ">="&DATE($A9,1,1), Lapse_data!$A:$A, "<="&DATE($A9,12,31)) -> 89 | W9: =SUMIFS(Lapse_data!W:W, Lapse_data!$A:$A, ">="&DATE($A9,1,1), Lapse_data!$A:$A, "<="&DATE($A9,12,31)) -> 87 | X9: =SUMIFS(Lapse_data!X:X, Lapse_data!$A:$A, ">="&DATE($A9,1,1), Lapse_data!$A:$A, "<="&DATE($A9,12,31)) -> 95 | Y9: =SUMIFS(Lapse_data!Y:Y, Lapse_data!$A:$A, ">="&DATE($A9,1,1), Lapse_data!$A:$A, "<="&DATE($A9,12,31)) -> 82 | Z9: =SUMIFS(Lapse_data!Z:Z, Lapse_data!$A:$A, ">="&DATE($A9,1,1), Lapse_data!$A:$A, "<="&DATE($A9,12,31)) -> 78 | AA9: =SUMIFS(Lapse_data!AA:AA, Lapse_data!$A:$A, ">="&DATE($A9,1,1), Lapse_data!$A:$A, "<="&DATE($A9,12,31)) -> 61 | AB9: =SUMIFS(Lapse_data!AB:AB, Lapse_data!$A:$A, ">="&DATE($A9,1,1), Lapse_data!$A:$A, "<="&DATE($A9,12,31)) -> 68 | AC9: =SUMIFS(Lapse_data!AC:AC, Lapse_data!$A:$A, ">="&DATE($A9,1,1), Lapse_data!$A:$A, "<="&DATE($A9,12,31)) -> 63 | AD9: =SUMIFS(Lapse_data!AD:AD, Lapse_data!$A:$A, ">="&DATE($A9,1,1), Lapse_data!$A:$A, "<="&DATE($A9,12,31)) -> 58 | AE9: =SUMIFS(Lapse_data!AE:AE, Lapse_data!$A:$A, ">="&DATE($A9,1,1), Lapse_data!$A:$A, "<="&DATE($A9,12,31)) -> 63 | AF9: =SUMIFS(Lapse_data!AF:AF, Lapse_data!$A:$A, ">="&DATE($A9,1,1), Lapse_data!$A:$A, "<="&DATE($A9,12,31)) -> 62 | AG9: =SUMIFS(Lapse_data!AG:AG, Lapse_data!$A:$A, ">="&DATE($A9,1,1), Lapse_data!$A:$A, "<="&DATE($A9,12,31)) -> 61 | AH9: =SUMIFS(Lapse_data!AH:AH, Lapse_data!$A:$A, ">="&DATE($A9,1,1), Lapse_data!$A:$A, "<="&DATE($A9,12,31)) -> 46 | AI9: =SUMIFS(Lapse_data!AI:AI, Lapse_data!$A:$A, ">="&DATE($A9,1,1), Lapse_data!$A:$A, "<="&DATE($A9,12,31)) -> 46 | AJ9: =SUMIFS(Lapse_data!AJ:AJ, Lapse_data!$A:$A, ">="&DATE($A9,1,1), Lapse_data!$A:$A, "<="&DATE($A9,12,31)) -> 45 | AK9: =SUMIFS(Lapse_data!AK:AK, Lapse_data!$A:$A, ">="&DATE($A9,1,1), Lapse_data!$A:$A, "<="&DATE($A9,12,31)) -> 51 | AL9: =SUMIFS(Lapse_data!AL:AL, Lapse_data!$A:$A, ">="&DATE($A9,1,1), Lapse_data!$A:$A, "<="&DATE($A9,12,31)) -> 59 | AM9: =SUMIFS(Lapse_data!AM:AM, Lapse_data!$A:$A, ">="&DATE($A9,1,1), Lapse_data!$A:$A, "<="&DATE($A9,12,31)) -> 44 | AN9: =SUMIFS(Lapse_data!AN:AN, Lapse_data!$A:$A, ">="&DATE($A9,1,1), Lapse_data!$A:$A, "<="&DATE($A9,12,31)) -> 39 | AO9: =SUMIFS(Lapse_data!AO:AO, Lapse_data!$A:$A, ">="&DATE($A9,1,1), Lapse_data!$A:$A, "<="&DATE($A9,12,31)) -> 39 | AP9: =SUMIFS(Lapse_data!AP:AP, Lapse_data!$A:$A, ">="&DATE($A9,1,1), Lapse_data!$A:$A, "<="&DATE($A9,12,31)) -> 44 | AQ9: =SUMIFS(Lapse_data!AQ:AQ, Lapse_data!$A:$A, ">="&DATE($A9,1,1), Lapse_data!$A:$A, "<="&DATE($A9,12,31)) -> 38 | AR9: =SUMIFS(Lapse_data!AR:AR, Lapse_data!$A:$A, ">="&DATE($A9,1,1), Lapse_data!$A:$A, "<="&DATE($A9,12,31)) -> 21 | AS9: =SUMIFS(Lapse_data!AS:AS, Lapse_data!$A:$A, ">="&DATE($A9,1,1), Lapse_data!$A:$A, "<="&DATE($A9,12,31)) -> 31 | AT9: =SUMIFS(Lapse_data!AT:AT, Lapse_data!$A:$A, ">="&DATE($A9,1,1), Lapse_data!$A:$A, "<="&DATE($A9,12,31)) -> 30 | AU9: =SUMIFS(Lapse_data!AU:AU, Lapse_data!$A:$A, ">="&DATE($A9,1,1), Lapse_data!$A:$A, "<="&DATE($A9,12,31)) -> 30 | AV9: =SUMIFS(Lapse_data!AV:AV, Lapse_data!$A:$A, ">="&DATE($A9,1,1), Lapse_data!$A:$A, "<="&DATE($A9,12,31)) -> 30 | AW9: =SUMIFS(Lapse_data!AW:AW, Lapse_data!$A:$A, ">="&DATE($A9,1,1), Lapse_data!$A:$A, "<="&DATE($A9,12,31)) -> 41 | AX9: =SUMIFS(Lapse_data!AX:AX, Lapse_data!$A:$A, ">="&DATE($A9,1,1), Lapse_data!$A:$A, "<="&DATE($A9,12,31)) -> 35 | AY9: =SUMIFS(Lapse_data!AY:AY, Lapse_data!$A:$A, ">="&DATE($A9,1,1), Lapse_data!$A:$A, "<="&DATE($A9,12,31)) -> 34 | AZ9: =SUMIFS(Lapse_data!AZ:AZ, Lapse_data!$A:$A, ">="&DATE($A9,1,1), Lapse_data!$A:$A, "<="&DATE($A9,12,31)) -> 29 | BA9: =SUMIFS(Lapse_data!BA:BA, Lapse_data!$A:$A, ">="&DATE($A9,1,1), Lapse_data!$A:$A, "<="&DATE($A9,12,31)) -> 27 | BB9: =SUMIFS(Lapse_data!BB:BB, Lapse_data!$A:$A, ">="&DATE($A9,1,1), Lapse_data!$A:$A, "<="&DATE($A9,12,31)) -> 30 | BC9: =SUMIFS(Lapse_data!BC:BC, Lapse_data!$A:$A, ">="&DATE($A9,1,1), Lapse_data!$A:$A, "<="&DATE($A9,12,31)) -> 25 | BD9: =SUMIFS(Lapse_data!BD:BD, Lapse_data!$A:$A, ">="&DATE($A9,1,1), Lapse_data!$A:$A, "<="&DATE($A9,12,31)) -> 32 | BE9: =SUMIFS(Lapse_data!BE:BE, Lapse_data!$A:$A, ">="&DATE($A9,1,1), Lapse_data!$A:$A, "<="&DATE($A9,12,31)) -> 23 | BF9: =SUMIFS(Lapse_data!BF:BF, Lapse_data!$A:$A, ">="&DATE($A9,1,1), Lapse_data!$A:$A, "<="&DATE($A9,12,31)) -> 16 | BG9: =SUMIFS(Lapse_data!BG:BG, Lapse_data!$A:$A, ">="&DATE($A9,1,1), Lapse_data!$A:$A, "<="&DATE($A9,12,31)) -> 17 | BH9: =SUMIFS(Lapse_data!BH:BH, Lapse_data!$A:$A, ">="&DATE($A9,1,1), Lapse_data!$A:$A, "<="&DATE($A9,12,31)) -> 28 | BI9: =SUMIFS(Lapse_data!BI:BI, Lapse_data!$A:$A, ">="&DATE($A9,1,1), Lapse_data!$A:$A, "<="&DATE($A9,12,31)) -> 25 | BJ9: =SUMIFS(Lapse_data!BJ:BJ, Lapse_data!$A:$A, ">="&DATE($A9,1,1), Lapse_data!$A:$A, "<="&DATE($A9,12,31)) -> 18 | BK9: =SUMIFS(Lapse_data!BK:BK, Lapse_data!$A:$A, ">="&DATE($A9,1,1), Lapse_data!$A:$A, "<="&DATE($A9,12,31)) -> 14 | BL9: =SUMIFS(Lapse_data!BL:BL, Lapse_data!$A:$A, ">="&DATE($A9,1,1), Lapse_data!$A:$A, "<="&DATE($A9,12,31)) -> 19 | BM9: =SUMIFS(Lapse_data!BM:BM, Lapse_data!$A:$A, ">="&DATE($A9,1,1), Lapse_data!$A:$A, "<="&DATE($A9,12,31)) -> 13 | BN9: =SUMIFS(Lapse_data!BN:BN, Lapse_data!$A:$A, ">="&DATE($A9,1,1), Lapse_data!$A:$A, "<="&DATE($A9,12,31)) -> 20 | BO9: =SUMIFS(Lapse_data!BO:BO, Lapse_data!$A:$A, ">="&DATE($A9,1,1), Lapse_data!$A:$A, "<="&DATE($A9,12,31)) -> 19 | BP9: =SUMIFS(Lapse_data!BP:BP, Lapse_data!$A:$A, ">="&DATE($A9,1,1), Lapse_data!$A:$A, "<="&DATE($A9,12,31)) -> 8 | BQ9: =SUMIFS(Lapse_data!BQ:BQ, Lapse_data!$A:$A, ">="&DATE($A9,1,1), Lapse_data!$A:$A, "<="&DATE($A9,12,31)) -> 23 | BR9: =SUMIFS(Lapse_data!BR:BR, Lapse_data!$A:$A, ">="&DATE($A9,1,1), Lapse_data!$A:$A, "<="&DATE($A9,12,31)) -> 25 | BS9: =SUMIFS(Lapse_data!BS:BS, Lapse_data!$A:$A, ">="&DATE($A9,1,1), Lapse_data!$A:$A, "<="&DATE($A9,12,31)) -> 17 | BT9: =SUMIFS(Lapse_data!BT:BT, Lapse_data!$A:$A, ">="&DATE($A9,1,1), Lapse_data!$A:$A, "<="&DATE($A9,12,31)) -> 26 | BU9: =SUMIFS(Lapse_data!BU:BU, Lapse_data!$A:$A, ">="&DATE($A9,1,1), Lapse_data!$A:$A, "<="&DATE($A9,12,31)) -> 33 | BV9: =SUMIFS(Lapse_data!BV:BV, Lapse_data!$A:$A, ">="&DATE($A9,1,1), Lapse_data!$A:$A, "<="&DATE($A9,12,31)) -> 19 | BW9: =SUMIFS(Lapse_data!BW:BW, Lapse_data!$A:$A, ">="&DATE($A9,1,1), Lapse_data!$A:$A, "<="&DATE($A9,12,31)) -> 14 | BX9: =SUMIFS(Lapse_data!BX:BX, Lapse_data!$A:$A, ">="&DATE($A9,1,1), Lapse_data!$A:$A, "<="&DATE($A9,12,31)) -> 15 | BY9: =SUMIFS(Lapse_data!BY:BY, Lapse_data!$A:$A, ">="&DATE($A9,1,1), Lapse_data!$A:$A, "<="&DATE($A9,12,31)) -> 20 | BZ9: =SUMIFS(Lapse_data!BZ:BZ, Lapse_data!$A:$A, ">="&DATE($A9,1,1), Lapse_data!$A:$A, "<="&DATE($A9,12,31)) -> 13 | CA9: =SUMIFS(Lapse_data!CA:CA, Lapse_data!$A:$A, ">="&DATE($A9,1,1), Lapse_data!$A:$A, "<="&DATE($A9,12,31)) -> 11 | CB9: =SUMIFS(Lapse_data!CB:CB, Lapse_data!$A:$A, ">="&DATE($A9,1,1), Lapse_data!$A:$A, "<="&DATE($A9,12,31)) -> 14 | CC9: =SUMIFS(Lapse_data!CC:CC, Lapse_data!$A:$A, ">="&DATE($A9,1,1), Lapse_data!$A:$A, "<="&DATE($A9,12,31)) -> 9 | CD9: =SUMIFS(Lapse_data!CD:CD, Lapse_data!$A:$A, ">="&DATE($A9,1,1), Lapse_data!$A:$A, "<="&DATE($A9,12,31)) -> 11 | CE9: =SUMIFS(Lapse_data!CE:CE, Lapse_data!$A:$A, ">="&DATE($A9,1,1), Lapse_data!$A:$A, "<="&DATE($A9,12,31)) -> 16 | CF9: =SUMIFS(Lapse_data!CF:CF, Lapse_data!$A:$A, ">="&DATE($A9,1,1), Lapse_data!$A:$A, "<="&DATE($A9,12,31)) -> 12 | CG9: =SUMIFS(Lapse_data!CG:CG, Lapse_data!$A:$A, ">="&DATE($A9,1,1), Lapse_data!$A:$A, "<="&DATE($A9,12,31)) -> 11 | CH9: =SUMIFS(Lapse_data!CH:CH, Lapse_data!$A:$A, ">="&DATE($A9,1,1), Lapse_data!$A:$A, "<="&DATE($A9,12,31)) -> 8 | CI9: =SUMIFS(Lapse_data!CI:CI, Lapse_data!$A:$A, ">="&DATE($A9,1,1), Lapse_data!$A:$A, "<="&DATE($A9,12,31)) -> 9 | CJ9: =SUMIFS(Lapse_data!CJ:CJ, Lapse_data!$A:$A, ">="&DATE($A9,1,1), Lapse_data!$A:$A, "<="&DATE($A9,12,31)) -> 15 | CK9: =SUMIFS(Lapse_data!CK:CK, Lapse_data!$A:$A, ">="&DATE($A9,1,1), Lapse_data!$A:$A, "<="&DATE($A9,12,31)) -> 12 | CL9: =SUMIFS(Lapse_data!CL:CL, Lapse_data!$A:$A, ">="&DATE($A9,1,1), Lapse_data!$A:$A, "<="&DATE($A9,12,31)) -> 10 | CM9: =SUMIFS(Lapse_data!CM:CM, Lapse_data!$A:$A, ">="&DATE($A9,1,1), Lapse_data!$A:$A, "<="&DATE($A9,12,31)) -> 7 | CN9: =SUMIFS(Lapse_data!CN:CN, Lapse_data!$A:$A, ">="&DATE($A9,1,1), Lapse_data!$A:$A, "<="&DATE($A9,12,31)) -> 13 | CO9: =SUMIFS(Lapse_data!CO:CO, Lapse_data!$A:$A, ">="&DATE($A9,1,1), Lapse_data!$A:$A, "<="&DATE($A9,12,31)) -> 7 | CP9: =SUMIFS(Lapse_data!CP:CP, Lapse_data!$A:$A, ">="&DATE($A9,1,1), Lapse_data!$A:$A, "<="&DATE($A9,12,31)) -> 12 | CQ9: =SUMIFS(Lapse_data!CQ:CQ, Lapse_data!$A:$A, ">="&DATE($A9,1,1), Lapse_data!$A:$A, "<="&DATE($A9,12,31)) -> 4 | CR9: =SUMIFS(Lapse_data!CR:CR, Lapse_data!$A:$A, ">="&DATE($A9,1,1), Lapse_data!$A:$A, "<="&DATE($A9,12,31)) -> 5 | CS9: =SUMIFS(Lapse_data!CS:CS, Lapse_data!$A:$A, ">="&DATE($A9,1,1), Lapse_data!$A:$A, "<="&DATE($A9,12,31)) -> 14 | CT9: =SUMIFS(Lapse_data!CT:CT, Lapse_data!$A:$A, ">="&DATE($A9,1,1), Lapse_data!$A:$A, "<="&DATE($A9,12,31)) -> 12 | CU9: =SUMIFS(Lapse_data!CU:CU, Lapse_data!$A:$A, ">="&DATE($A9,1,1), Lapse_data!$A:$A, "<="&DATE($A9,12,31)) -> 8 | CV9: =SUMIFS(Lapse_data!CV:CV, Lapse_data!$A:$A, ">="&DATE($A9,1,1), Lapse_data!$A:$A, "<="&DATE($A9,12,31)) -> 10 | CW9: =SUMIFS(Lapse_data!CW:CW, Lapse_data!$A:$A, ">="&DATE($A9,1,1), Lapse_data!$A:$A, "<="&DATE($A9,12,31)) -> 10 | CX9: =SUMIFS(Lapse_data!CX:CX, Lapse_data!$A:$A, ">="&DATE($A9,1,1), Lapse_data!$A:$A, "<="&DATE($A9,12,31)) -> 6 | CY9: =SUMIFS(Lapse_data!CY:CY, Lapse_data!$A:$A, ">="&DATE($A9,1,1), Lapse_data!$A:$A, "<="&DATE($A9,12,31)) -> 6 | CZ9: =SUMIFS(Lapse_data!CZ:CZ, Lapse_data!$A:$A, ">="&DATE($A9,1,1), Lapse_data!$A:$A, "<="&DATE($A9,12,31)) -> 3 | DA9: =SUMIFS(Lapse_data!DA:DA, Lapse_data!$A:$A, ">="&DATE($A9,1,1), Lapse_data!$A:$A, "<="&DATE($A9,12,31)) -> 1 | DB9: =SUMIFS(Lapse_data!DB:DB, Lapse_data!$A:$A, ">="&DATE($A9,1,1), Lapse_data!$A:$A, "<="&DATE($A9,12,31)) -> 1 | DC9: =SUMIFS(Lapse_data!DC:DC, Lapse_data!$A:$A, ">="&DATE($A9,1,1), Lapse_data!$A:$A, "<="&DATE($A9,12,31)) -> 0 | DD9: =SUMIFS(Lapse_data!DD:DD, Lapse_data!$A:$A, ">="&DATE($A9,1,1), Lapse_data!$A:$A, "<="&DATE($A9,12,31)) -> 1 | DE9: =SUMIFS(Lapse_data!DE:DE, Lapse_data!$A:$A, ">="&DATE($A9,1,1), Lapse_data!$A:$A, "<="&DATE($A9,12,31)) -> 1 | DF9: =SUMIFS(Lapse_data!DF:DF, Lapse_data!$A:$A, ">="&DATE($A9,1,1), Lapse_data!$A:$A, "<="&DATE($A9,12,31)) -> 0 | DG9: =SUMIFS(Lapse_data!DG:DG, Lapse_data!$A:$A, ">="&DATE($A9,1,1), Lapse_data!$A:$A, "<="&DATE($A9,12,31)) -> 0 | DH9: =SUMIFS(Lapse_data!DH:DH, Lapse_data!$A:$A, ">="&DATE($A9,1,1), Lapse_data!$A:$A, "<="&DATE($A9,12,31)) -> 0 | DI9: =SUMIFS(Lapse_data!DI:DI, Lapse_data!$A:$A, ">="&DATE($A9,1,1), Lapse_data!$A:$A, "<="&DATE($A9,12,31)) -> 0 | DJ9: =SUMIFS(Lapse_data!DJ:DJ, Lapse_data!$A:$A, ">="&DATE($A9,1,1), Lapse_data!$A:$A, "<="&DATE($A9,12,31)) -> 0 | DK9: =SUMIFS(Lapse_data!DK:DK, Lapse_data!$A:$A, ">="&DATE($A9,1,1), Lapse_data!$A:$A, "<="&DATE($A9,12,31)) -> 0 | DL9: =SUMIFS(Lapse_data!DL:DL, Lapse_data!$A:$A, ">="&DATE($A9,1,1), Lapse_data!$A:$A, "<="&DATE($A9,12,31)) -> 0 | DM9: =SUMIFS(Lapse_data!DM:DM, Lapse_data!$A:$A, ">="&DATE($A9,1,1), Lapse_data!$A:$A, "<="&DATE($A9,12,31)) -> 0 | DN9: =SUMIFS(Lapse_data!DN:DN, Lapse_data!$A:$A, ">="&DATE($A9,1,1), Lapse_data!$A:$A, "<="&DATE($A9,12,31)) -> 0 | DO9: =SUMIFS(Lapse_data!DO:DO, Lapse_data!$A:$A, ">="&DATE($A9,1,1), Lapse_data!$A:$A, "<="&DATE($A9,12,31)) -> 0 | DP9: =SUMIFS(Lapse_data!DP:DP, Lapse_data!$A:$A, ">="&DATE($A9,1,1), Lapse_data!$A:$A, "<="&DATE($A9,12,31)) -> 0 | DQ9: =SUMIFS(Lapse_data!DQ:DQ, Lapse_data!$A:$A, ">="&DATE($A9,1,1), Lapse_data!$A:$A, "<="&DATE($A9,12,31)) -> 0
A10: 2017 | B10: =SUMIFS(Lapse_data!B:B, Lapse_data!$A:$A, ">="&DATE($A10,1,1), Lapse_data!$A:$A, "<="&DATE($A10,12,31)) -> 822 | C10: =SUMIFS(Lapse_data!C:C, Lapse_data!$A:$A, ">="&DATE($A10,1,1), Lapse_data!$A:$A, "<="&DATE($A10,12,31)) -> 1350 | D10: =SUMIFS(Lapse_data!D:D, Lapse_data!$A:$A, ">="&DATE($A10,1,1), Lapse_data!$A:$A, "<="&DATE($A10,12,31)) -> 1111 | E10: =SUMIFS(Lapse_data!E:E, Lapse_data!$A:$A, ">="&DATE($A10,1,1), Lapse_data!$A:$A, "<="&DATE($A10,12,31)) -> 930 | F10: =SUMIFS(Lapse_data!F:F, Lapse_data!$A:$A, ">="&DATE($A10,1,1), Lapse_data!$A:$A, "<="&DATE($A10,12,31)) -> 585 | G10: =SUMIFS(Lapse_data!G:G, Lapse_data!$A:$A, ">="&DATE($A10,1,1), Lapse_data!$A:$A, "<="&DATE($A10,12,31)) -> 473 | H10: =SUMIFS(Lapse_data!H:H, Lapse_data!$A:$A, ">="&DATE($A10,1,1), Lapse_data!$A:$A, "<="&DATE($A10,12,31)) -> 430 | I10: =SUMIFS(Lapse_data!I:I, Lapse_data!$A:$A, ">="&DATE($A10,1,1), Lapse_data!$A:$A, "<="&DATE($A10,12,31)) -> 364 | J10: =SUMIFS(Lapse_data!J:J, Lapse_data!$A:$A, ">="&DATE($A10,1,1), Lapse_data!$A:$A, "<="&DATE($A10,12,31)) -> 307 | K10: =SUMIFS(Lapse_data!K:K, Lapse_data!$A:$A, ">="&DATE($A10,1,1), Lapse_data!$A:$A, "<="&DATE($A10,12,31)) -> 335 | L10: =SUMIFS(Lapse_data!L:L, Lapse_data!$A:$A, ">="&DATE($A10,1,1), Lapse_data!$A:$A, "<="&DATE($A10,12,31)) -> 322 | M10: =SUMIFS(Lapse_data!M:M, Lapse_data!$A:$A, ">="&DATE($A10,1,1), Lapse_data!$A:$A, "<="&DATE($A10,12,31)) -> 271 | N10: =SUMIFS(Lapse_data!N:N, Lapse_data!$A:$A, ">="&DATE($A10,1,1), Lapse_data!$A:$A, "<="&DATE($A10,12,31)) -> 261 | O10: =SUMIFS(Lapse_data!O:O, Lapse_data!$A:$A, ">="&DATE($A10,1,1), Lapse_data!$A:$A, "<="&DATE($A10,12,31)) -> 231 | P10: =SUMIFS(Lapse_data!P:P, Lapse_data!$A:$A, ">="&DATE($A10,1,1), Lapse_data!$A:$A, "<="&DATE($A10,12,31)) -> 203 | Q10: =SUMIFS(Lapse_data!Q:Q, Lapse_data!$A:$A, ">="&DATE($A10,1,1), Lapse_data!$A:$A, "<="&DATE($A10,12,31)) -> 213 | R10: =SUMIFS(Lapse_data!R:R, Lapse_data!$A:$A, ">="&DATE($A10,1,1), Lapse_data!$A:$A, "<="&DATE($A10,12,31)) -> 184 | S10: =SUMIFS(Lapse_data!S:S, Lapse_data!$A:$A, ">="&DATE($A10,1,1), Lapse_data!$A:$A, "<="&DATE($A10,12,31)) -> 171 | T10: =SUMIFS(Lapse_data!T:T, Lapse_data!$A:$A, ">="&DATE($A10,1,1), Lapse_data!$A:$A, "<="&DATE($A10,12,31)) -> 133 | U10: =SUMIFS(Lapse_data!U:U, Lapse_data!$A:$A, ">="&DATE($A10,1,1), Lapse_data!$A:$A, "<="&DATE($A10,12,31)) -> 146 | V10: =SUMIFS(Lapse_data!V:V, Lapse_data!$A:$A, ">="&DATE($A10,1,1), Lapse_data!$A:$A, "<="&DATE($A10,12,31)) -> 99 | W10: =SUMIFS(Lapse_data!W:W, Lapse_data!$A:$A, ">="&DATE($A10,1,1), Lapse_data!$A:$A, "<="&DATE($A10,12,31)) -> 105 | X10: =SUMIFS(Lapse_data!X:X, Lapse_data!$A:$A, ">="&DATE($A10,1,1), Lapse_data!$A:$A, "<="&DATE($A10,12,31)) -> 111 | Y10: =SUMIFS(Lapse_data!Y:Y, Lapse_data!$A:$A, ">="&DATE($A10,1,1), Lapse_data!$A:$A, "<="&DATE($A10,12,31)) -> 84 | Z10: =SUMIFS(Lapse_data!Z:Z, Lapse_data!$A:$A, ">="&DATE($A10,1,1), Lapse_data!$A:$A, "<="&DATE($A10,12,31)) -> 106 | AA10: =SUMIFS(Lapse_data!AA:AA, Lapse_data!$A:$A, ">="&DATE($A10,1,1), Lapse_data!$A:$A, "<="&DATE($A10,12,31)) -> 92 | AB10: =SUMIFS(Lapse_data!AB:AB, Lapse_data!$A:$A, ">="&DATE($A10,1,1), Lapse_data!$A:$A, "<="&DATE($A10,12,31)) -> 79 | AC10: =SUMIFS(Lapse_data!AC:AC, Lapse_data!$A:$A, ">="&DATE($A10,1,1), Lapse_data!$A:$A, "<="&DATE($A10,12,31)) -> 79 | AD10: =SUMIFS(Lapse_data!AD:AD, Lapse_data!$A:$A, ">="&DATE($A10,1,1), Lapse_data!$A:$A, "<="&DATE($A10,12,31)) -> 86 | AE10: =SUMIFS(Lapse_data!AE:AE, Lapse_data!$A:$A, ">="&DATE($A10,1,1), Lapse_data!$A:$A, "<="&DATE($A10,12,31)) -> 81 | AF10: =SUMIFS(Lapse_data!AF:AF, Lapse_data!$A:$A, ">="&DATE($A10,1,1), Lapse_data!$A:$A, "<="&DATE($A10,12,31)) -> 70 | AG10: =SUMIFS(Lapse_data!AG:AG, Lapse_data!$A:$A, ">="&DATE($A10,1,1), Lapse_data!$A:$A, "<="&DATE($A10,12,31)) -> 85 | AH10: =SUMIFS(Lapse_data!AH:AH, Lapse_data!$A:$A, ">="&DATE($A10,1,1), Lapse_data!$A:$A, "<="&DATE($A10,12,31)) -> 45 | AI10: =SUMIFS(Lapse_data!AI:AI, Lapse_data!$A:$A, ">="&DATE($A10,1,1), Lapse_data!$A:$A, "<="&DATE($A10,12,31)) -> 61 | AJ10: =SUMIFS(Lapse_data!AJ:AJ, Lapse_data!$A:$A, ">="&DATE($A10,1,1), Lapse_data!$A:$A, "<="&DATE($A10,12,31)) -> 49 | AK10: =SUMIFS(Lapse_data!AK:AK, Lapse_data!$A:$A, ">="&DATE($A10,1,1), Lapse_data!$A:$A, "<="&DATE($A10,12,31)) -> 54 | AL10: =SUMIFS(Lapse_data!AL:AL, Lapse_data!$A:$A, ">="&DATE($A10,1,1), Lapse_data!$A:$A, "<="&DATE($A10,12,31)) -> 56 | AM10: =SUMIFS(Lapse_data!AM:AM, Lapse_data!$A:$A, ">="&DATE($A10,1,1), Lapse_data!$A:$A, "<="&DATE($A10,12,31)) -> 50 | AN10: =SUMIFS(Lapse_data!AN:AN, Lapse_data!$A:$A, ">="&DATE($A10,1,1), Lapse_data!$A:$A, "<="&DATE($A10,12,31)) -> 54 | AO10: =SUMIFS(Lapse_data!AO:AO, Lapse_data!$A:$A, ">="&DATE($A10,1,1), Lapse_data!$A:$A, "<="&DATE($A10,12,31)) -> 40 | AP10: =SUMIFS(Lapse_data!AP:AP, Lapse_data!$A:$A, ">="&DATE($A10,1,1), Lapse_data!$A:$A, "<="&DATE($A10,12,31)) -> 45 | AQ10: =SUMIFS(Lapse_data!AQ:AQ, Lapse_data!$A:$A, ">="&DATE($A10,1,1), Lapse_data!$A:$A, "<="&DATE($A10,12,31)) -> 49 | AR10: =SUMIFS(Lapse_data!AR:AR, Lapse_data!$A:$A, ">="&DATE($A10,1,1), Lapse_data!$A:$A, "<="&DATE($A10,12,31)) -> 51 | AS10: =SUMIFS(Lapse_data!AS:AS, Lapse_data!$A:$A, ">="&DATE($A10,1,1), Lapse_data!$A:$A, "<="&DATE($A10,12,31)) -> 34 | AT10: =SUMIFS(Lapse_data!AT:AT, Lapse_data!$A:$A, ">="&DATE($A10,1,1), Lapse_data!$A:$A, "<="&DATE($A10,12,31)) -> 28 | AU10: =SUMIFS(Lapse_data!AU:AU, Lapse_data!$A:$A, ">="&DATE($A10,1,1), Lapse_data!$A:$A, "<="&DATE($A10,12,31)) -> 35 | AV10: =SUMIFS(Lapse_data!AV:AV, Lapse_data!$A:$A, ">="&DATE($A10,1,1), Lapse_data!$A:$A, "<="&DATE($A10,12,31)) -> 41 | AW10: =SUMIFS(Lapse_data!AW:AW, Lapse_data!$A:$A, ">="&DATE($A10,1,1), Lapse_data!$A:$A, "<="&DATE($A10,12,31)) -> 25 | AX10: =SUMIFS(Lapse_data!AX:AX, Lapse_data!$A:$A, ">="&DATE($A10,1,1), Lapse_data!$A:$A, "<="&DATE($A10,12,31)) -> 38 | AY10: =SUMIFS(Lapse_data!AY:AY, Lapse_data!$A:$A, ">="&DATE($A10,1,1), Lapse_data!$A:$A, "<="&DATE($A10,12,31)) -> 22 | AZ10: =SUMIFS(Lapse_data!AZ:AZ, Lapse_data!$A:$A, ">="&DATE($A10,1,1), Lapse_data!$A:$A, "<="&DATE($A10,12,31)) -> 30 | BA10: =SUMIFS(Lapse_data!BA:BA, Lapse_data!$A:$A, ">="&DATE($A10,1,1), Lapse_data!$A:$A, "<="&DATE($A10,12,31)) -> 36 | BB10: =SUMIFS(Lapse_data!BB:BB, Lapse_data!$A:$A, ">="&DATE($A10,1,1), Lapse_data!$A:$A, "<="&DATE($A10,12,31)) -> 27 | BC10: =SUMIFS(Lapse_data!BC:BC, Lapse_data!$A:$A, ">="&DATE($A10,1,1), Lapse_data!$A:$A, "<="&DATE($A10,12,31)) -> 29 | BD10: =SUMIFS(Lapse_data!BD:BD, Lapse_data!$A:$A, ">="&DATE($A10,1,1), Lapse_data!$A:$A, "<="&DATE($A10,12,31)) -> 28 | BE10: =SUMIFS(Lapse_data!BE:BE, Lapse_data!$A:$A, ">="&DATE($A10,1,1), Lapse_data!$A:$A, "<="&DATE($A10,12,31)) -> 16 | BF10: =SUMIFS(Lapse_data!BF:BF, Lapse_data!$A:$A, ">="&DATE($A10,1,1), Lapse_data!$A:$A, "<="&DATE($A10,12,31)) -> 17 | BG10: =SUMIFS(Lapse_data!BG:BG, Lapse_data!$A:$A, ">="&DATE($A10,1,1), Lapse_data!$A:$A, "<="&DATE($A10,12,31)) -> 29 | BH10: =SUMIFS(Lapse_data!BH:BH, Lapse_data!$A:$A, ">="&DATE($A10,1,1), Lapse_data!$A:$A, "<="&DATE($A10,12,31)) -> 24 | BI10: =SUMIFS(Lapse_data!BI:BI, Lapse_data!$A:$A, ">="&DATE($A10,1,1), Lapse_data!$A:$A, "<="&DATE($A10,12,31)) -> 36 | BJ10: =SUMIFS(Lapse_data!BJ:BJ, Lapse_data!$A:$A, ">="&DATE($A10,1,1), Lapse_data!$A:$A, "<="&DATE($A10,12,31)) -> 30 | BK10: =SUMIFS(Lapse_data!BK:BK, Lapse_data!$A:$A, ">="&DATE($A10,1,1), Lapse_data!$A:$A, "<="&DATE($A10,12,31)) -> 34 | BL10: =SUMIFS(Lapse_data!BL:BL, Lapse_data!$A:$A, ">="&DATE($A10,1,1), Lapse_data!$A:$A, "<="&DATE($A10,12,31)) -> 20 | BM10: =SUMIFS(Lapse_data!BM:BM, Lapse_data!$A:$A, ">="&DATE($A10,1,1), Lapse_data!$A:$A, "<="&DATE($A10,12,31)) -> 22 | BN10: =SUMIFS(Lapse_data!BN:BN, Lapse_data!$A:$A, ">="&DATE($A10,1,1), Lapse_data!$A:$A, "<="&DATE($A10,12,31)) -> 26 | BO10: =SUMIFS(Lapse_data!BO:BO, Lapse_data!$A:$A, ">="&DATE($A10,1,1), Lapse_data!$A:$A, "<="&DATE($A10,12,31)) -> 21 | BP10: =SUMIFS(Lapse_data!BP:BP, Lapse_data!$A:$A, ">="&DATE($A10,1,1), Lapse_data!$A:$A, "<="&DATE($A10,12,31)) -> 20 | BQ10: =SUMIFS(Lapse_data!BQ:BQ, Lapse_data!$A:$A, ">="&DATE($A10,1,1), Lapse_data!$A:$A, "<="&DATE($A10,12,31)) -> 14 | BR10: =SUMIFS(Lapse_data!BR:BR, Lapse_data!$A:$A, ">="&DATE($A10,1,1), Lapse_data!$A:$A, "<="&DATE($A10,12,31)) -> 16 | BS10: =SUMIFS(Lapse_data!BS:BS, Lapse_data!$A:$A, ">="&DATE($A10,1,1), Lapse_data!$A:$A, "<="&DATE($A10,12,31)) -> 12 | BT10: =SUMIFS(Lapse_data!BT:BT, Lapse_data!$A:$A, ">="&DATE($A10,1,1), Lapse_data!$A:$A, "<="&DATE($A10,12,31)) -> 18 | BU10: =SUMIFS(Lapse_data!BU:BU, Lapse_data!$A:$A, ">="&DATE($A10,1,1), Lapse_data!$A:$A, "<="&DATE($A10,12,31)) -> 15 | BV10: =SUMIFS(Lapse_data!BV:BV, Lapse_data!$A:$A, ">="&DATE($A10,1,1), Lapse_data!$A:$A, "<="&DATE($A10,12,31)) -> 17 | BW10: =SUMIFS(Lapse_data!BW:BW, Lapse_data!$A:$A, ">="&DATE($A10,1,1), Lapse_data!$A:$A, "<="&DATE($A10,12,31)) -> 20 | BX10: =SUMIFS(Lapse_data!BX:BX, Lapse_data!$A:$A, ">="&DATE($A10,1,1), Lapse_data!$A:$A, "<="&DATE($A10,12,31)) -> 20 | BY10: =SUMIFS(Lapse_data!BY:BY, Lapse_data!$A:$A, ">="&DATE($A10,1,1), Lapse_data!$A:$A, "<="&DATE($A10,12,31)) -> 17 | BZ10: =SUMIFS(Lapse_data!BZ:BZ, Lapse_data!$A:$A, ">="&DATE($A10,1,1), Lapse_data!$A:$A, "<="&DATE($A10,12,31)) -> 7 | CA10: =SUMIFS(Lapse_data!CA:CA, Lapse_data!$A:$A, ">="&DATE($A10,1,1), Lapse_data!$A:$A, "<="&DATE($A10,12,31)) -> 11 | CB10: =SUMIFS(Lapse_data!CB:CB, Lapse_data!$A:$A, ">="&DATE($A10,1,1), Lapse_data!$A:$A, "<="&DATE($A10,12,31)) -> 11 | CC10: =SUMIFS(Lapse_data!CC:CC, Lapse_data!$A:$A, ">="&DATE($A10,1,1), Lapse_data!$A:$A, "<="&DATE($A10,12,31)) -> 16 | CD10: =SUMIFS(Lapse_data!CD:CD, Lapse_data!$A:$A, ">="&DATE($A10,1,1), Lapse_data!$A:$A, "<="&DATE($A10,12,31)) -> 9 | CE10: =SUMIFS(Lapse_data!CE:CE, Lapse_data!$A:$A, ">="&DATE($A10,1,1), Lapse_data!$A:$A, "<="&DATE($A10,12,31)) -> 12 | CF10: =SUMIFS(Lapse_data!CF:CF, Lapse_data!$A:$A, ">="&DATE($A10,1,1), Lapse_data!$A:$A, "<="&DATE($A10,12,31)) -> 13 | CG10: =SUMIFS(Lapse_data!CG:CG, Lapse_data!$A:$A, ">="&DATE($A10,1,1), Lapse_data!$A:$A, "<="&DATE($A10,12,31)) -> 16 | CH10: =SUMIFS(Lapse_data!CH:CH, Lapse_data!$A:$A, ">="&DATE($A10,1,1), Lapse_data!$A:$A, "<="&DATE($A10,12,31)) -> 12 | CI10: =SUMIFS(Lapse_data!CI:CI, Lapse_data!$A:$A, ">="&DATE($A10,1,1), Lapse_data!$A:$A, "<="&DATE($A10,12,31)) -> 14 | CJ10: =SUMIFS(Lapse_data!CJ:CJ, Lapse_data!$A:$A, ">="&DATE($A10,1,1), Lapse_data!$A:$A, "<="&DATE($A10,12,31)) -> 7 | CK10: =SUMIFS(Lapse_data!CK:CK, Lapse_data!$A:$A, ">="&DATE($A10,1,1), Lapse_data!$A:$A, "<="&DATE($A10,12,31)) -> 10 | CL10: =SUMIFS(Lapse_data!CL:CL, Lapse_data!$A:$A, ">="&DATE($A10,1,1), Lapse_data!$A:$A, "<="&DATE($A10,12,31)) -> 8 | CM10: =SUMIFS(Lapse_data!CM:CM, Lapse_data!$A:$A, ">="&DATE($A10,1,1), Lapse_data!$A:$A, "<="&DATE($A10,12,31)) -> 4 | CN10: =SUMIFS(Lapse_data!CN:CN, Lapse_data!$A:$A, ">="&DATE($A10,1,1), Lapse_data!$A:$A, "<="&DATE($A10,12,31)) -> 0 | CO10: =SUMIFS(Lapse_data!CO:CO, Lapse_data!$A:$A, ">="&DATE($A10,1,1), Lapse_data!$A:$A, "<="&DATE($A10,12,31)) -> 4 | CP10: =SUMIFS(Lapse_data!CP:CP, Lapse_data!$A:$A, ">="&DATE($A10,1,1), Lapse_data!$A:$A, "<="&DATE($A10,12,31)) -> 2 | CQ10: =SUMIFS(Lapse_data!CQ:CQ, Lapse_data!$A:$A, ">="&DATE($A10,1,1), Lapse_data!$A:$A, "<="&DATE($A10,12,31)) -> 1 | CR10: =SUMIFS(Lapse_data!CR:CR, Lapse_data!$A:$A, ">="&DATE($A10,1,1), Lapse_data!$A:$A, "<="&DATE($A10,12,31)) -> 2 | CS10: =SUMIFS(Lapse_data!CS:CS, Lapse_data!$A:$A, ">="&DATE($A10,1,1), Lapse_data!$A:$A, "<="&DATE($A10,12,31)) -> 0 | CT10: =SUMIFS(Lapse_data!CT:CT, Lapse_data!$A:$A, ">="&DATE($A10,1,1), Lapse_data!$A:$A, "<="&DATE($A10,12,31)) -> 0 | CU10: =SUMIFS(Lapse_data!CU:CU, Lapse_data!$A:$A, ">="&DATE($A10,1,1), Lapse_data!$A:$A, "<="&DATE($A10,12,31)) -> 0 | CV10: =SUMIFS(Lapse_data!CV:CV, Lapse_data!$A:$A, ">="&DATE($A10,1,1), Lapse_data!$A:$A, "<="&DATE($A10,12,31)) -> 0 | CW10: =SUMIFS(Lapse_data!CW:CW, Lapse_data!$A:$A, ">="&DATE($A10,1,1), Lapse_data!$A:$A, "<="&DATE($A10,12,31)) -> 0 | CX10: =SUMIFS(Lapse_data!CX:CX, Lapse_data!$A:$A, ">="&DATE($A10,1,1), Lapse_data!$A:$A, "<="&DATE($A10,12,31)) -> 0 | CY10: =SUMIFS(Lapse_data!CY:CY, Lapse_data!$A:$A, ">="&DATE($A10,1,1), Lapse_data!$A:$A, "<="&DATE($A10,12,31)) -> 0 | CZ10: =SUMIFS(Lapse_data!CZ:CZ, Lapse_data!$A:$A, ">="&DATE($A10,1,1), Lapse_data!$A:$A, "<="&DATE($A10,12,31)) -> 0 | DA10: =SUMIFS(Lapse_data!DA:DA, Lapse_data!$A:$A, ">="&DATE($A10,1,1), Lapse_data!$A:$A, "<="&DATE($A10,12,31)) -> 0 | DB10: =SUMIFS(Lapse_data!DB:DB, Lapse_data!$A:$A, ">="&DATE($A10,1,1), Lapse_data!$A:$A, "<="&DATE($A10,12,31)) -> 0 | DC10: =SUMIFS(Lapse_data!DC:DC, Lapse_data!$A:$A, ">="&DATE($A10,1,1), Lapse_data!$A:$A, "<="&DATE($A10,12,31)) -> 0 | DD10: =SUMIFS(Lapse_data!DD:DD, Lapse_data!$A:$A, ">="&DATE($A10,1,1), Lapse_data!$A:$A, "<="&DATE($A10,12,31)) -> 0 | DE10: =SUMIFS(Lapse_data!DE:DE, Lapse_data!$A:$A, ">="&DATE($A10,1,1), Lapse_data!$A:$A, "<="&DATE($A10,12,31)) -> 0 | DF10: =SUMIFS(Lapse_data!DF:DF, Lapse_data!$A:$A, ">="&DATE($A10,1,1), Lapse_data!$A:$A, "<="&DATE($A10,12,31)) -> 0 | DG10: =SUMIFS(Lapse_data!DG:DG, Lapse_data!$A:$A, ">="&DATE($A10,1,1), Lapse_data!$A:$A, "<="&DATE($A10,12,31)) -> 0 | DH10: =SUMIFS(Lapse_data!DH:DH, Lapse_data!$A:$A, ">="&DATE($A10,1,1), Lapse_data!$A:$A, "<="&DATE($A10,12,31)) -> 0 | DI10: =SUMIFS(Lapse_data!DI:DI, Lapse_data!$A:$A, ">="&DATE($A10,1,1), Lapse_data!$A:$A, "<="&DATE($A10,12,31)) -> 0 | DJ10: =SUMIFS(Lapse_data!DJ:DJ, Lapse_data!$A:$A, ">="&DATE($A10,1,1), Lapse_data!$A:$A, "<="&DATE($A10,12,31)) -> 0 | DK10: =SUMIFS(Lapse_data!DK:DK, Lapse_data!$A:$A, ">="&DATE($A10,1,1), Lapse_data!$A:$A, "<="&DATE($A10,12,31)) -> 0 | DL10: =SUMIFS(Lapse_data!DL:DL, Lapse_data!$A:$A, ">="&DATE($A10,1,1), Lapse_data!$A:$A, "<="&DATE($A10,12,31)) -> 0 | DM10: =SUMIFS(Lapse_data!DM:DM, Lapse_data!$A:$A, ">="&DATE($A10,1,1), Lapse_data!$A:$A, "<="&DATE($A10,12,31)) -> 0 | DN10: =SUMIFS(Lapse_data!DN:DN, Lapse_data!$A:$A, ">="&DATE($A10,1,1), Lapse_data!$A:$A, "<="&DATE($A10,12,31)) -> 0 | DO10: =SUMIFS(Lapse_data!DO:DO, Lapse_data!$A:$A, ">="&DATE($A10,1,1), Lapse_data!$A:$A, "<="&DATE($A10,12,31)) -> 0 | DP10: =SUMIFS(Lapse_data!DP:DP, Lapse_data!$A:$A, ">="&DATE($A10,1,1), Lapse_data!$A:$A, "<="&DATE($A10,12,31)) -> 0 | DQ10: =SUMIFS(Lapse_data!DQ:DQ, Lapse_data!$A:$A, ">="&DATE($A10,1,1), Lapse_data!$A:$A, "<="&DATE($A10,12,31)) -> 0
A11: 2018 | B11: =SUMIFS(Lapse_data!B:B, Lapse_data!$A:$A, ">="&DATE($A11,1,1), Lapse_data!$A:$A, "<="&DATE($A11,12,31)) -> 1171 | C11: =SUMIFS(Lapse_data!C:C, Lapse_data!$A:$A, ">="&DATE($A11,1,1), Lapse_data!$A:$A, "<="&DATE($A11,12,31)) -> 2159 | D11: =SUMIFS(Lapse_data!D:D, Lapse_data!$A:$A, ">="&DATE($A11,1,1), Lapse_data!$A:$A, "<="&DATE($A11,12,31)) -> 1530 | E11: =SUMIFS(Lapse_data!E:E, Lapse_data!$A:$A, ">="&DATE($A11,1,1), Lapse_data!$A:$A, "<="&DATE($A11,12,31)) -> 1064 | F11: =SUMIFS(Lapse_data!F:F, Lapse_data!$A:$A, ">="&DATE($A11,1,1), Lapse_data!$A:$A, "<="&DATE($A11,12,31)) -> 690 | G11: =SUMIFS(Lapse_data!G:G, Lapse_data!$A:$A, ">="&DATE($A11,1,1), Lapse_data!$A:$A, "<="&DATE($A11,12,31)) -> 664 | H11: =SUMIFS(Lapse_data!H:H, Lapse_data!$A:$A, ">="&DATE($A11,1,1), Lapse_data!$A:$A, "<="&DATE($A11,12,31)) -> 538 | I11: =SUMIFS(Lapse_data!I:I, Lapse_data!$A:$A, ">="&DATE($A11,1,1), Lapse_data!$A:$A, "<="&DATE($A11,12,31)) -> 504 | J11: =SUMIFS(Lapse_data!J:J, Lapse_data!$A:$A, ">="&DATE($A11,1,1), Lapse_data!$A:$A, "<="&DATE($A11,12,31)) -> 408 | K11: =SUMIFS(Lapse_data!K:K, Lapse_data!$A:$A, ">="&DATE($A11,1,1), Lapse_data!$A:$A, "<="&DATE($A11,12,31)) -> 382 | L11: =SUMIFS(Lapse_data!L:L, Lapse_data!$A:$A, ">="&DATE($A11,1,1), Lapse_data!$A:$A, "<="&DATE($A11,12,31)) -> 349 | M11: =SUMIFS(Lapse_data!M:M, Lapse_data!$A:$A, ">="&DATE($A11,1,1), Lapse_data!$A:$A, "<="&DATE($A11,12,31)) -> 339 | N11: =SUMIFS(Lapse_data!N:N, Lapse_data!$A:$A, ">="&DATE($A11,1,1), Lapse_data!$A:$A, "<="&DATE($A11,12,31)) -> 305 | O11: =SUMIFS(Lapse_data!O:O, Lapse_data!$A:$A, ">="&DATE($A11,1,1), Lapse_data!$A:$A, "<="&DATE($A11,12,31)) -> 272 | P11: =SUMIFS(Lapse_data!P:P, Lapse_data!$A:$A, ">="&DATE($A11,1,1), Lapse_data!$A:$A, "<="&DATE($A11,12,31)) -> 237 | Q11: =SUMIFS(Lapse_data!Q:Q, Lapse_data!$A:$A, ">="&DATE($A11,1,1), Lapse_data!$A:$A, "<="&DATE($A11,12,31)) -> 217 | R11: =SUMIFS(Lapse_data!R:R, Lapse_data!$A:$A, ">="&DATE($A11,1,1), Lapse_data!$A:$A, "<="&DATE($A11,12,31)) -> 160 | S11: =SUMIFS(Lapse_data!S:S, Lapse_data!$A:$A, ">="&DATE($A11,1,1), Lapse_data!$A:$A, "<="&DATE($A11,12,31)) -> 192 | T11: =SUMIFS(Lapse_data!T:T, Lapse_data!$A:$A, ">="&DATE($A11,1,1), Lapse_data!$A:$A, "<="&DATE($A11,12,31)) -> 153 | U11: =SUMIFS(Lapse_data!U:U, Lapse_data!$A:$A, ">="&DATE($A11,1,1), Lapse_data!$A:$A, "<="&DATE($A11,12,31)) -> 149 | V11: =SUMIFS(Lapse_data!V:V, Lapse_data!$A:$A, ">="&DATE($A11,1,1), Lapse_data!$A:$A, "<="&DATE($A11,12,31)) -> 143 | W11: =SUMIFS(Lapse_data!W:W, Lapse_data!$A:$A, ">="&DATE($A11,1,1), Lapse_data!$A:$A, "<="&DATE($A11,12,31)) -> 123 | X11: =SUMIFS(Lapse_data!X:X, Lapse_data!$A:$A, ">="&DATE($A11,1,1), Lapse_data!$A:$A, "<="&DATE($A11,12,31)) -> 110 | Y11: =SUMIFS(Lapse_data!Y:Y, Lapse_data!$A:$A, ">="&DATE($A11,1,1), Lapse_data!$A:$A, "<="&DATE($A11,12,31)) -> 120 | Z11: =SUMIFS(Lapse_data!Z:Z, Lapse_data!$A:$A, ">="&DATE($A11,1,1), Lapse_data!$A:$A, "<="&DATE($A11,12,31)) -> 103 | AA11: =SUMIFS(Lapse_data!AA:AA, Lapse_data!$A:$A, ">="&DATE($A11,1,1), Lapse_data!$A:$A, "<="&DATE($A11,12,31)) -> 99 | AB11: =SUMIFS(Lapse_data!AB:AB, Lapse_data!$A:$A, ">="&DATE($A11,1,1), Lapse_data!$A:$A, "<="&DATE($A11,12,31)) -> 74 | AC11: =SUMIFS(Lapse_data!AC:AC, Lapse_data!$A:$A, ">="&DATE($A11,1,1), Lapse_data!$A:$A, "<="&DATE($A11,12,31)) -> 88 | AD11: =SUMIFS(Lapse_data!AD:AD, Lapse_data!$A:$A, ">="&DATE($A11,1,1), Lapse_data!$A:$A, "<="&DATE($A11,12,31)) -> 84 | AE11: =SUMIFS(Lapse_data!AE:AE, Lapse_data!$A:$A, ">="&DATE($A11,1,1), Lapse_data!$A:$A, "<="&DATE($A11,12,31)) -> 80 | AF11: =SUMIFS(Lapse_data!AF:AF, Lapse_data!$A:$A, ">="&DATE($A11,1,1), Lapse_data!$A:$A, "<="&DATE($A11,12,31)) -> 68 | AG11: =SUMIFS(Lapse_data!AG:AG, Lapse_data!$A:$A, ">="&DATE($A11,1,1), Lapse_data!$A:$A, "<="&DATE($A11,12,31)) -> 52 | AH11: =SUMIFS(Lapse_data!AH:AH, Lapse_data!$A:$A, ">="&DATE($A11,1,1), Lapse_data!$A:$A, "<="&DATE($A11,12,31)) -> 55 | AI11: =SUMIFS(Lapse_data!AI:AI, Lapse_data!$A:$A, ">="&DATE($A11,1,1), Lapse_data!$A:$A, "<="&DATE($A11,12,31)) -> 70 | AJ11: =SUMIFS(Lapse_data!AJ:AJ, Lapse_data!$A:$A, ">="&DATE($A11,1,1), Lapse_data!$A:$A, "<="&DATE($A11,12,31)) -> 59 | AK11: =SUMIFS(Lapse_data!AK:AK, Lapse_data!$A:$A, ">="&DATE($A11,1,1), Lapse_data!$A:$A, "<="&DATE($A11,12,31)) -> 61 | AL11: =SUMIFS(Lapse_data!AL:AL, Lapse_data!$A:$A, ">="&DATE($A11,1,1), Lapse_data!$A:$A, "<="&DATE($A11,12,31)) -> 56 | AM11: =SUMIFS(Lapse_data!AM:AM, Lapse_data!$A:$A, ">="&DATE($A11,1,1), Lapse_data!$A:$A, "<="&DATE($A11,12,31)) -> 53 | AN11: =SUMIFS(Lapse_data!AN:AN, Lapse_data!$A:$A, ">="&DATE($A11,1,1), Lapse_data!$A:$A, "<="&DATE($A11,12,31)) -> 51 | AO11: =SUMIFS(Lapse_data!AO:AO, Lapse_data!$A:$A, ">="&DATE($A11,1,1), Lapse_data!$A:$A, "<="&DATE($A11,12,31)) -> 42 | AP11: =SUMIFS(Lapse_data!AP:AP, Lapse_data!$A:$A, ">="&DATE($A11,1,1), Lapse_data!$A:$A, "<="&DATE($A11,12,31)) -> 42 | AQ11: =SUMIFS(Lapse_data!AQ:AQ, Lapse_data!$A:$A, ">="&DATE($A11,1,1), Lapse_data!$A:$A, "<="&DATE($A11,12,31)) -> 44 | AR11: =SUMIFS(Lapse_data!AR:AR, Lapse_data!$A:$A, ">="&DATE($A11,1,1), Lapse_data!$A:$A, "<="&DATE($A11,12,31)) -> 43 | AS11: =SUMIFS(Lapse_data!AS:AS, Lapse_data!$A:$A, ">="&DATE($A11,1,1), Lapse_data!$A:$A, "<="&DATE($A11,12,31)) -> 42 | AT11: =SUMIFS(Lapse_data!AT:AT, Lapse_data!$A:$A, ">="&DATE($A11,1,1), Lapse_data!$A:$A, "<="&DATE($A11,12,31)) -> 36 | AU11: =SUMIFS(Lapse_data!AU:AU, Lapse_data!$A:$A, ">="&DATE($A11,1,1), Lapse_data!$A:$A, "<="&DATE($A11,12,31)) -> 41 | AV11: =SUMIFS(Lapse_data!AV:AV, Lapse_data!$A:$A, ">="&DATE($A11,1,1), Lapse_data!$A:$A, "<="&DATE($A11,12,31)) -> 52 | AW11: =SUMIFS(Lapse_data!AW:AW, Lapse_data!$A:$A, ">="&DATE($A11,1,1), Lapse_data!$A:$A, "<="&DATE($A11,12,31)) -> 45 | AX11: =SUMIFS(Lapse_data!AX:AX, Lapse_data!$A:$A, ">="&DATE($A11,1,1), Lapse_data!$A:$A, "<="&DATE($A11,12,31)) -> 39 | AY11: =SUMIFS(Lapse_data!AY:AY, Lapse_data!$A:$A, ">="&DATE($A11,1,1), Lapse_data!$A:$A, "<="&DATE($A11,12,31)) -> 41 | AZ11: =SUMIFS(Lapse_data!AZ:AZ, Lapse_data!$A:$A, ">="&DATE($A11,1,1), Lapse_data!$A:$A, "<="&DATE($A11,12,31)) -> 21 | BA11: =SUMIFS(Lapse_data!BA:BA, Lapse_data!$A:$A, ">="&DATE($A11,1,1), Lapse_data!$A:$A, "<="&DATE($A11,12,31)) -> 34 | BB11: =SUMIFS(Lapse_data!BB:BB, Lapse_data!$A:$A, ">="&DATE($A11,1,1), Lapse_data!$A:$A, "<="&DATE($A11,12,31)) -> 24 | BC11: =SUMIFS(Lapse_data!BC:BC, Lapse_data!$A:$A, ">="&DATE($A11,1,1), Lapse_data!$A:$A, "<="&DATE($A11,12,31)) -> 31 | BD11: =SUMIFS(Lapse_data!BD:BD, Lapse_data!$A:$A, ">="&DATE($A11,1,1), Lapse_data!$A:$A, "<="&DATE($A11,12,31)) -> 30 | BE11: =SUMIFS(Lapse_data!BE:BE, Lapse_data!$A:$A, ">="&DATE($A11,1,1), Lapse_data!$A:$A, "<="&DATE($A11,12,31)) -> 28 | BF11: =SUMIFS(Lapse_data!BF:BF, Lapse_data!$A:$A, ">="&DATE($A11,1,1), Lapse_data!$A:$A, "<="&DATE($A11,12,31)) -> 22 | BG11: =SUMIFS(Lapse_data!BG:BG, Lapse_data!$A:$A, ">="&DATE($A11,1,1), Lapse_data!$A:$A, "<="&DATE($A11,12,31)) -> 16 | BH11: =SUMIFS(Lapse_data!BH:BH, Lapse_data!$A:$A, ">="&DATE($A11,1,1), Lapse_data!$A:$A, "<="&DATE($A11,12,31)) -> 19 | BI11: =SUMIFS(Lapse_data!BI:BI, Lapse_data!$A:$A, ">="&DATE($A11,1,1), Lapse_data!$A:$A, "<="&DATE($A11,12,31)) -> 27 | BJ11: =SUMIFS(Lapse_data!BJ:BJ, Lapse_data!$A:$A, ">="&DATE($A11,1,1), Lapse_data!$A:$A, "<="&DATE($A11,12,31)) -> 25 | BK11: =SUMIFS(Lapse_data!BK:BK, Lapse_data!$A:$A, ">="&DATE($A11,1,1), Lapse_data!$A:$A, "<="&DATE($A11,12,31)) -> 27 | BL11: =SUMIFS(Lapse_data!BL:BL, Lapse_data!$A:$A, ">="&DATE($A11,1,1), Lapse_data!$A:$A, "<="&DATE($A11,12,31)) -> 23 | BM11: =SUMIFS(Lapse_data!BM:BM, Lapse_data!$A:$A, ">="&DATE($A11,1,1), Lapse_data!$A:$A, "<="&DATE($A11,12,31)) -> 18 | BN11: =SUMIFS(Lapse_data!BN:BN, Lapse_data!$A:$A, ">="&DATE($A11,1,1), Lapse_data!$A:$A, "<="&DATE($A11,12,31)) -> 20 | BO11: =SUMIFS(Lapse_data!BO:BO, Lapse_data!$A:$A, ">="&DATE($A11,1,1), Lapse_data!$A:$A, "<="&DATE($A11,12,31)) -> 15 | BP11: =SUMIFS(Lapse_data!BP:BP, Lapse_data!$A:$A, ">="&DATE($A11,1,1), Lapse_data!$A:$A, "<="&DATE($A11,12,31)) -> 14 | BQ11: =SUMIFS(Lapse_data!BQ:BQ, Lapse_data!$A:$A, ">="&DATE($A11,1,1), Lapse_data!$A:$A, "<="&DATE($A11,12,31)) -> 15 | BR11: =SUMIFS(Lapse_data!BR:BR, Lapse_data!$A:$A, ">="&DATE($A11,1,1), Lapse_data!$A:$A, "<="&DATE($A11,12,31)) -> 10 | BS11: =SUMIFS(Lapse_data!BS:BS, Lapse_data!$A:$A, ">="&DATE($A11,1,1), Lapse_data!$A:$A, "<="&DATE($A11,12,31)) -> 12 | BT11: =SUMIFS(Lapse_data!BT:BT, Lapse_data!$A:$A, ">="&DATE($A11,1,1), Lapse_data!$A:$A, "<="&DATE($A11,12,31)) -> 18 | BU11: =SUMIFS(Lapse_data!BU:BU, Lapse_data!$A:$A, ">="&DATE($A11,1,1), Lapse_data!$A:$A, "<="&DATE($A11,12,31)) -> 27 | BV11: =SUMIFS(Lapse_data!BV:BV, Lapse_data!$A:$A, ">="&DATE($A11,1,1), Lapse_data!$A:$A, "<="&DATE($A11,12,31)) -> 15 | BW11: =SUMIFS(Lapse_data!BW:BW, Lapse_data!$A:$A, ">="&DATE($A11,1,1), Lapse_data!$A:$A, "<="&DATE($A11,12,31)) -> 6 | BX11: =SUMIFS(Lapse_data!BX:BX, Lapse_data!$A:$A, ">="&DATE($A11,1,1), Lapse_data!$A:$A, "<="&DATE($A11,12,31)) -> 11 | BY11: =SUMIFS(Lapse_data!BY:BY, Lapse_data!$A:$A, ">="&DATE($A11,1,1), Lapse_data!$A:$A, "<="&DATE($A11,12,31)) -> 10 | BZ11: =SUMIFS(Lapse_data!BZ:BZ, Lapse_data!$A:$A, ">="&DATE($A11,1,1), Lapse_data!$A:$A, "<="&DATE($A11,12,31)) -> 11 | CA11: =SUMIFS(Lapse_data!CA:CA, Lapse_data!$A:$A, ">="&DATE($A11,1,1), Lapse_data!$A:$A, "<="&DATE($A11,12,31)) -> 5 | CB11: =SUMIFS(Lapse_data!CB:CB, Lapse_data!$A:$A, ">="&DATE($A11,1,1), Lapse_data!$A:$A, "<="&DATE($A11,12,31)) -> 4 | CC11: =SUMIFS(Lapse_data!CC:CC, Lapse_data!$A:$A, ">="&DATE($A11,1,1), Lapse_data!$A:$A, "<="&DATE($A11,12,31)) -> 5 | CD11: =SUMIFS(Lapse_data!CD:CD, Lapse_data!$A:$A, ">="&DATE($A11,1,1), Lapse_data!$A:$A, "<="&DATE($A11,12,31)) -> 4 | CE11: =SUMIFS(Lapse_data!CE:CE, Lapse_data!$A:$A, ">="&DATE($A11,1,1), Lapse_data!$A:$A, "<="&DATE($A11,12,31)) -> 1 | CF11: =SUMIFS(Lapse_data!CF:CF, Lapse_data!$A:$A, ">="&DATE($A11,1,1), Lapse_data!$A:$A, "<="&DATE($A11,12,31)) -> 1 | CG11: =SUMIFS(Lapse_data!CG:CG, Lapse_data!$A:$A, ">="&DATE($A11,1,1), Lapse_data!$A:$A, "<="&DATE($A11,12,31)) -> 2 | CH11: =SUMIFS(Lapse_data!CH:CH, Lapse_data!$A:$A, ">="&DATE($A11,1,1), Lapse_data!$A:$A, "<="&DATE($A11,12,31)) -> 0 | CI11: =SUMIFS(Lapse_data!CI:CI, Lapse_data!$A:$A, ">="&DATE($A11,1,1), Lapse_data!$A:$A, "<="&DATE($A11,12,31)) -> 0 | CJ11: =SUMIFS(Lapse_data!CJ:CJ, Lapse_data!$A:$A, ">="&DATE($A11,1,1), Lapse_data!$A:$A, "<="&DATE($A11,12,31)) -> 0 | CK11: =SUMIFS(Lapse_data!CK:CK, Lapse_data!$A:$A, ">="&DATE($A11,1,1), Lapse_data!$A:$A, "<="&DATE($A11,12,31)) -> 0 | CL11: =SUMIFS(Lapse_data!CL:CL, Lapse_data!$A:$A, ">="&DATE($A11,1,1), Lapse_data!$A:$A, "<="&DATE($A11,12,31)) -> 0 | CM11: =SUMIFS(Lapse_data!CM:CM, Lapse_data!$A:$A, ">="&DATE($A11,1,1), Lapse_data!$A:$A, "<="&DATE($A11,12,31)) -> 0 | CN11: =SUMIFS(Lapse_data!CN:CN, Lapse_data!$A:$A, ">="&DATE($A11,1,1), Lapse_data!$A:$A, "<="&DATE($A11,12,31)) -> 0 | CO11: =SUMIFS(Lapse_data!CO:CO, Lapse_data!$A:$A, ">="&DATE($A11,1,1), Lapse_data!$A:$A, "<="&DATE($A11,12,31)) -> 0 | CP11: =SUMIFS(Lapse_data!CP:CP, Lapse_data!$A:$A, ">="&DATE($A11,1,1), Lapse_data!$A:$A, "<="&DATE($A11,12,31)) -> 0 | CQ11: =SUMIFS(Lapse_data!CQ:CQ, Lapse_data!$A:$A, ">="&DATE($A11,1,1), Lapse_data!$A:$A, "<="&DATE($A11,12,31)) -> 0 | CR11: =SUMIFS(Lapse_data!CR:CR, Lapse_data!$A:$A, ">="&DATE($A11,1,1), Lapse_data!$A:$A, "<="&DATE($A11,12,31)) -> 0 | CS11: =SUMIFS(Lapse_data!CS:CS, Lapse_data!$A:$A, ">="&DATE($A11,1,1), Lapse_data!$A:$A, "<="&DATE($A11,12,31)) -> 0 | CT11: =SUMIFS(Lapse_data!CT:CT, Lapse_data!$A:$A, ">="&DATE($A11,1,1), Lapse_data!$A:$A, "<="&DATE($A11,12,31)) -> 0 | CU11: =SUMIFS(Lapse_data!CU:CU, Lapse_data!$A:$A, ">="&DATE($A11,1,1), Lapse_data!$A:$A, "<="&DATE($A11,12,31)) -> 0 | CV11: =SUMIFS(Lapse_data!CV:CV, Lapse_data!$A:$A, ">="&DATE($A11,1,1), Lapse_data!$A:$A, "<="&DATE($A11,12,31)) -> 0 | CW11: =SUMIFS(Lapse_data!CW:CW, Lapse_data!$A:$A, ">="&DATE($A11,1,1), Lapse_data!$A:$A, "<="&DATE($A11,12,31)) -> 0 | CX11: =SUMIFS(Lapse_data!CX:CX, Lapse_data!$A:$A, ">="&DATE($A11,1,1), Lapse_data!$A:$A, "<="&DATE($A11,12,31)) -> 0 | CY11: =SUMIFS(Lapse_data!CY:CY, Lapse_data!$A:$A, ">="&DATE($A11,1,1), Lapse_data!$A:$A, "<="&DATE($A11,12,31)) -> 0 | CZ11: =SUMIFS(Lapse_data!CZ:CZ, Lapse_data!$A:$A, ">="&DATE($A11,1,1), Lapse_data!$A:$A, "<="&DATE($A11,12,31)) -> 0 | DA11: =SUMIFS(Lapse_data!DA:DA, Lapse_data!$A:$A, ">="&DATE($A11,1,1), Lapse_data!$A:$A, "<="&DATE($A11,12,31)) -> 0 | DB11: =SUMIFS(Lapse_data!DB:DB, Lapse_data!$A:$A, ">="&DATE($A11,1,1), Lapse_data!$A:$A, "<="&DATE($A11,12,31)) -> 0 | DC11: =SUMIFS(Lapse_data!DC:DC, Lapse_data!$A:$A, ">="&DATE($A11,1,1), Lapse_data!$A:$A, "<="&DATE($A11,12,31)) -> 0 | DD11: =SUMIFS(Lapse_data!DD:DD, Lapse_data!$A:$A, ">="&DATE($A11,1,1), Lapse_data!$A:$A, "<="&DATE($A11,12,31)) -> 0 | DE11: =SUMIFS(Lapse_data!DE:DE, Lapse_data!$A:$A, ">="&DATE($A11,1,1), Lapse_data!$A:$A, "<="&DATE($A11,12,31)) -> 0 | DF11: =SUMIFS(Lapse_data!DF:DF, Lapse_data!$A:$A, ">="&DATE($A11,1,1), Lapse_data!$A:$A, "<="&DATE($A11,12,31)) -> 0 | DG11: =SUMIFS(Lapse_data!DG:DG, Lapse_data!$A:$A, ">="&DATE($A11,1,1), Lapse_data!$A:$A, "<="&DATE($A11,12,31)) -> 0 | DH11: =SUMIFS(Lapse_data!DH:DH, Lapse_data!$A:$A, ">="&DATE($A11,1,1), Lapse_data!$A:$A, "<="&DATE($A11,12,31)) -> 0 | DI11: =SUMIFS(Lapse_data!DI:DI, Lapse_data!$A:$A, ">="&DATE($A11,1,1), Lapse_data!$A:$A, "<="&DATE($A11,12,31)) -> 0 | DJ11: =SUMIFS(Lapse_data!DJ:DJ, Lapse_data!$A:$A, ">="&DATE($A11,1,1), Lapse_data!$A:$A, "<="&DATE($A11,12,31)) -> 0 | DK11: =SUMIFS(Lapse_data!DK:DK, Lapse_data!$A:$A, ">="&DATE($A11,1,1), Lapse_data!$A:$A, "<="&DATE($A11,12,31)) -> 0 | DL11: =SUMIFS(Lapse_data!DL:DL, Lapse_data!$A:$A, ">="&DATE($A11,1,1), Lapse_data!$A:$A, "<="&DATE($A11,12,31)) -> 0 | DM11: =SUMIFS(Lapse_data!DM:DM, Lapse_data!$A:$A, ">="&DATE($A11,1,1), Lapse_data!$A:$A, "<="&DATE($A11,12,31)) -> 0 | DN11: =SUMIFS(Lapse_data!DN:DN, Lapse_data!$A:$A, ">="&DATE($A11,1,1), Lapse_data!$A:$A, "<="&DATE($A11,12,31)) -> 0 | DO11: =SUMIFS(Lapse_data!DO:DO, Lapse_data!$A:$A, ">="&DATE($A11,1,1), Lapse_data!$A:$A, "<="&DATE($A11,12,31)) -> 0 | DP11: =SUMIFS(Lapse_data!DP:DP, Lapse_data!$A:$A, ">="&DATE($A11,1,1), Lapse_data!$A:$A, "<="&DATE($A11,12,31)) -> 0 | DQ11: =SUMIFS(Lapse_data!DQ:DQ, Lapse_data!$A:$A, ">="&DATE($A11,1,1), Lapse_data!$A:$A, "<="&DATE($A11,12,31)) -> 0
A12: 2019 | B12: =SUMIFS(Lapse_data!B:B, Lapse_data!$A:$A, ">="&DATE($A12,1,1), Lapse_data!$A:$A, "<="&DATE($A12,12,31)) -> 1349 | C12: =SUMIFS(Lapse_data!C:C, Lapse_data!$A:$A, ">="&DATE($A12,1,1), Lapse_data!$A:$A, "<="&DATE($A12,12,31)) -> 1503 | D12: =SUMIFS(Lapse_data!D:D, Lapse_data!$A:$A, ">="&DATE($A12,1,1), Lapse_data!$A:$A, "<="&DATE($A12,12,31)) -> 1397 | E12: =SUMIFS(Lapse_data!E:E, Lapse_data!$A:$A, ">="&DATE($A12,1,1), Lapse_data!$A:$A, "<="&DATE($A12,12,31)) -> 755 | F12: =SUMIFS(Lapse_data!F:F, Lapse_data!$A:$A, ">="&DATE($A12,1,1), Lapse_data!$A:$A, "<="&DATE($A12,12,31)) -> 486 | G12: =SUMIFS(Lapse_data!G:G, Lapse_data!$A:$A, ">="&DATE($A12,1,1), Lapse_data!$A:$A, "<="&DATE($A12,12,31)) -> 485 | H12: =SUMIFS(Lapse_data!H:H, Lapse_data!$A:$A, ">="&DATE($A12,1,1), Lapse_data!$A:$A, "<="&DATE($A12,12,31)) -> 368 | I12: =SUMIFS(Lapse_data!I:I, Lapse_data!$A:$A, ">="&DATE($A12,1,1), Lapse_data!$A:$A, "<="&DATE($A12,12,31)) -> 312 | J12: =SUMIFS(Lapse_data!J:J, Lapse_data!$A:$A, ">="&DATE($A12,1,1), Lapse_data!$A:$A, "<="&DATE($A12,12,31)) -> 278 | K12: =SUMIFS(Lapse_data!K:K, Lapse_data!$A:$A, ">="&DATE($A12,1,1), Lapse_data!$A:$A, "<="&DATE($A12,12,31)) -> 271 | L12: =SUMIFS(Lapse_data!L:L, Lapse_data!$A:$A, ">="&DATE($A12,1,1), Lapse_data!$A:$A, "<="&DATE($A12,12,31)) -> 214 | M12: =SUMIFS(Lapse_data!M:M, Lapse_data!$A:$A, ">="&DATE($A12,1,1), Lapse_data!$A:$A, "<="&DATE($A12,12,31)) -> 242 | N12: =SUMIFS(Lapse_data!N:N, Lapse_data!$A:$A, ">="&DATE($A12,1,1), Lapse_data!$A:$A, "<="&DATE($A12,12,31)) -> 238 | O12: =SUMIFS(Lapse_data!O:O, Lapse_data!$A:$A, ">="&DATE($A12,1,1), Lapse_data!$A:$A, "<="&DATE($A12,12,31)) -> 196 | P12: =SUMIFS(Lapse_data!P:P, Lapse_data!$A:$A, ">="&DATE($A12,1,1), Lapse_data!$A:$A, "<="&DATE($A12,12,31)) -> 173 | Q12: =SUMIFS(Lapse_data!Q:Q, Lapse_data!$A:$A, ">="&DATE($A12,1,1), Lapse_data!$A:$A, "<="&DATE($A12,12,31)) -> 122 | R12: =SUMIFS(Lapse_data!R:R, Lapse_data!$A:$A, ">="&DATE($A12,1,1), Lapse_data!$A:$A, "<="&DATE($A12,12,31)) -> 127 | S12: =SUMIFS(Lapse_data!S:S, Lapse_data!$A:$A, ">="&DATE($A12,1,1), Lapse_data!$A:$A, "<="&DATE($A12,12,31)) -> 114 | T12: =SUMIFS(Lapse_data!T:T, Lapse_data!$A:$A, ">="&DATE($A12,1,1), Lapse_data!$A:$A, "<="&DATE($A12,12,31)) -> 104 | U12: =SUMIFS(Lapse_data!U:U, Lapse_data!$A:$A, ">="&DATE($A12,1,1), Lapse_data!$A:$A, "<="&DATE($A12,12,31)) -> 88 | V12: =SUMIFS(Lapse_data!V:V, Lapse_data!$A:$A, ">="&DATE($A12,1,1), Lapse_data!$A:$A, "<="&DATE($A12,12,31)) -> 86 | W12: =SUMIFS(Lapse_data!W:W, Lapse_data!$A:$A, ">="&DATE($A12,1,1), Lapse_data!$A:$A, "<="&DATE($A12,12,31)) -> 68 | X12: =SUMIFS(Lapse_data!X:X, Lapse_data!$A:$A, ">="&DATE($A12,1,1), Lapse_data!$A:$A, "<="&DATE($A12,12,31)) -> 61 | Y12: =SUMIFS(Lapse_data!Y:Y, Lapse_data!$A:$A, ">="&DATE($A12,1,1), Lapse_data!$A:$A, "<="&DATE($A12,12,31)) -> 93 | Z12: =SUMIFS(Lapse_data!Z:Z, Lapse_data!$A:$A, ">="&DATE($A12,1,1), Lapse_data!$A:$A, "<="&DATE($A12,12,31)) -> 61 | AA12: =SUMIFS(Lapse_data!AA:AA, Lapse_data!$A:$A, ">="&DATE($A12,1,1), Lapse_data!$A:$A, "<="&DATE($A12,12,31)) -> 48 | AB12: =SUMIFS(Lapse_data!AB:AB, Lapse_data!$A:$A, ">="&DATE($A12,1,1), Lapse_data!$A:$A, "<="&DATE($A12,12,31)) -> 63 | AC12: =SUMIFS(Lapse_data!AC:AC, Lapse_data!$A:$A, ">="&DATE($A12,1,1), Lapse_data!$A:$A, "<="&DATE($A12,12,31)) -> 64 | AD12: =SUMIFS(Lapse_data!AD:AD, Lapse_data!$A:$A, ">="&DATE($A12,1,1), Lapse_data!$A:$A, "<="&DATE($A12,12,31)) -> 54 | AE12: =SUMIFS(Lapse_data!AE:AE, Lapse_data!$A:$A, ">="&DATE($A12,1,1), Lapse_data!$A:$A, "<="&DATE($A12,12,31)) -> 49 | AF12: =SUMIFS(Lapse_data!AF:AF, Lapse_data!$A:$A, ">="&DATE($A12,1,1), Lapse_data!$A:$A, "<="&DATE($A12,12,31)) -> 47 | AG12: =SUMIFS(Lapse_data!AG:AG, Lapse_data!$A:$A, ">="&DATE($A12,1,1), Lapse_data!$A:$A, "<="&DATE($A12,12,31)) -> 41 | AH12: =SUMIFS(Lapse_data!AH:AH, Lapse_data!$A:$A, ">="&DATE($A12,1,1), Lapse_data!$A:$A, "<="&DATE($A12,12,31)) -> 52 | AI12: =SUMIFS(Lapse_data!AI:AI, Lapse_data!$A:$A, ">="&DATE($A12,1,1), Lapse_data!$A:$A, "<="&DATE($A12,12,31)) -> 38 | AJ12: =SUMIFS(Lapse_data!AJ:AJ, Lapse_data!$A:$A, ">="&DATE($A12,1,1), Lapse_data!$A:$A, "<="&DATE($A12,12,31)) -> 52 | AK12: =SUMIFS(Lapse_data!AK:AK, Lapse_data!$A:$A, ">="&DATE($A12,1,1), Lapse_data!$A:$A, "<="&DATE($A12,12,31)) -> 53 | AL12: =SUMIFS(Lapse_data!AL:AL, Lapse_data!$A:$A, ">="&DATE($A12,1,1), Lapse_data!$A:$A, "<="&DATE($A12,12,31)) -> 38 | AM12: =SUMIFS(Lapse_data!AM:AM, Lapse_data!$A:$A, ">="&DATE($A12,1,1), Lapse_data!$A:$A, "<="&DATE($A12,12,31)) -> 26 | AN12: =SUMIFS(Lapse_data!AN:AN, Lapse_data!$A:$A, ">="&DATE($A12,1,1), Lapse_data!$A:$A, "<="&DATE($A12,12,31)) -> 28 | AO12: =SUMIFS(Lapse_data!AO:AO, Lapse_data!$A:$A, ">="&DATE($A12,1,1), Lapse_data!$A:$A, "<="&DATE($A12,12,31)) -> 17 | AP12: =SUMIFS(Lapse_data!AP:AP, Lapse_data!$A:$A, ">="&DATE($A12,1,1), Lapse_data!$A:$A, "<="&DATE($A12,12,31)) -> 34 | AQ12: =SUMIFS(Lapse_data!AQ:AQ, Lapse_data!$A:$A, ">="&DATE($A12,1,1), Lapse_data!$A:$A, "<="&DATE($A12,12,31)) -> 23 | AR12: =SUMIFS(Lapse_data!AR:AR, Lapse_data!$A:$A, ">="&DATE($A12,1,1), Lapse_data!$A:$A, "<="&DATE($A12,12,31)) -> 27 | AS12: =SUMIFS(Lapse_data!AS:AS, Lapse_data!$A:$A, ">="&DATE($A12,1,1), Lapse_data!$A:$A, "<="&DATE($A12,12,31)) -> 29 | AT12: =SUMIFS(Lapse_data!AT:AT, Lapse_data!$A:$A, ">="&DATE($A12,1,1), Lapse_data!$A:$A, "<="&DATE($A12,12,31)) -> 23 | AU12: =SUMIFS(Lapse_data!AU:AU, Lapse_data!$A:$A, ">="&DATE($A12,1,1), Lapse_data!$A:$A, "<="&DATE($A12,12,31)) -> 29 | AV12: =SUMIFS(Lapse_data!AV:AV, Lapse_data!$A:$A, ">="&DATE($A12,1,1), Lapse_data!$A:$A, "<="&DATE($A12,12,31)) -> 14 | AW12: =SUMIFS(Lapse_data!AW:AW, Lapse_data!$A:$A, ">="&DATE($A12,1,1), Lapse_data!$A:$A, "<="&DATE($A12,12,31)) -> 22 | AX12: =SUMIFS(Lapse_data!AX:AX, Lapse_data!$A:$A, ">="&DATE($A12,1,1), Lapse_data!$A:$A, "<="&DATE($A12,12,31)) -> 26 | AY12: =SUMIFS(Lapse_data!AY:AY, Lapse_data!$A:$A, ">="&DATE($A12,1,1), Lapse_data!$A:$A, "<="&DATE($A12,12,31)) -> 16 | AZ12: =SUMIFS(Lapse_data!AZ:AZ, Lapse_data!$A:$A, ">="&DATE($A12,1,1), Lapse_data!$A:$A, "<="&DATE($A12,12,31)) -> 16 | BA12: =SUMIFS(Lapse_data!BA:BA, Lapse_data!$A:$A, ">="&DATE($A12,1,1), Lapse_data!$A:$A, "<="&DATE($A12,12,31)) -> 25 | BB12: =SUMIFS(Lapse_data!BB:BB, Lapse_data!$A:$A, ">="&DATE($A12,1,1), Lapse_data!$A:$A, "<="&DATE($A12,12,31)) -> 20 | BC12: =SUMIFS(Lapse_data!BC:BC, Lapse_data!$A:$A, ">="&DATE($A12,1,1), Lapse_data!$A:$A, "<="&DATE($A12,12,31)) -> 14 | BD12: =SUMIFS(Lapse_data!BD:BD, Lapse_data!$A:$A, ">="&DATE($A12,1,1), Lapse_data!$A:$A, "<="&DATE($A12,12,31)) -> 22 | BE12: =SUMIFS(Lapse_data!BE:BE, Lapse_data!$A:$A, ">="&DATE($A12,1,1), Lapse_data!$A:$A, "<="&DATE($A12,12,31)) -> 12 | BF12: =SUMIFS(Lapse_data!BF:BF, Lapse_data!$A:$A, ">="&DATE($A12,1,1), Lapse_data!$A:$A, "<="&DATE($A12,12,31)) -> 8 | BG12: =SUMIFS(Lapse_data!BG:BG, Lapse_data!$A:$A, ">="&DATE($A12,1,1), Lapse_data!$A:$A, "<="&DATE($A12,12,31)) -> 9 | BH12: =SUMIFS(Lapse_data!BH:BH, Lapse_data!$A:$A, ">="&DATE($A12,1,1), Lapse_data!$A:$A, "<="&DATE($A12,12,31)) -> 22 | BI12: =SUMIFS(Lapse_data!BI:BI, Lapse_data!$A:$A, ">="&DATE($A12,1,1), Lapse_data!$A:$A, "<="&DATE($A12,12,31)) -> 15 | BJ12: =SUMIFS(Lapse_data!BJ:BJ, Lapse_data!$A:$A, ">="&DATE($A12,1,1), Lapse_data!$A:$A, "<="&DATE($A12,12,31)) -> 22 | BK12: =SUMIFS(Lapse_data!BK:BK, Lapse_data!$A:$A, ">="&DATE($A12,1,1), Lapse_data!$A:$A, "<="&DATE($A12,12,31)) -> 12 | BL12: =SUMIFS(Lapse_data!BL:BL, Lapse_data!$A:$A, ">="&DATE($A12,1,1), Lapse_data!$A:$A, "<="&DATE($A12,12,31)) -> 5 | BM12: =SUMIFS(Lapse_data!BM:BM, Lapse_data!$A:$A, ">="&DATE($A12,1,1), Lapse_data!$A:$A, "<="&DATE($A12,12,31)) -> 11 | BN12: =SUMIFS(Lapse_data!BN:BN, Lapse_data!$A:$A, ">="&DATE($A12,1,1), Lapse_data!$A:$A, "<="&DATE($A12,12,31)) -> 8 | BO12: =SUMIFS(Lapse_data!BO:BO, Lapse_data!$A:$A, ">="&DATE($A12,1,1), Lapse_data!$A:$A, "<="&DATE($A12,12,31)) -> 4 | BP12: =SUMIFS(Lapse_data!BP:BP, Lapse_data!$A:$A, ">="&DATE($A12,1,1), Lapse_data!$A:$A, "<="&DATE($A12,12,31)) -> 2 | BQ12: =SUMIFS(Lapse_data!BQ:BQ, Lapse_data!$A:$A, ">="&DATE($A12,1,1), Lapse_data!$A:$A, "<="&DATE($A12,12,31)) -> 2 | BR12: =SUMIFS(Lapse_data!BR:BR, Lapse_data!$A:$A, ">="&DATE($A12,1,1), Lapse_data!$A:$A, "<="&DATE($A12,12,31)) -> 0 | BS12: =SUMIFS(Lapse_data!BS:BS, Lapse_data!$A:$A, ">="&DATE($A12,1,1), Lapse_data!$A:$A, "<="&DATE($A12,12,31)) -> 0 | BT12: =SUMIFS(Lapse_data!BT:BT, Lapse_data!$A:$A, ">="&DATE($A12,1,1), Lapse_data!$A:$A, "<="&DATE($A12,12,31)) -> 2 | BU12: =SUMIFS(Lapse_data!BU:BU, Lapse_data!$A:$A, ">="&DATE($A12,1,1), Lapse_data!$A:$A, "<="&DATE($A12,12,31)) -> 0 | BV12: =SUMIFS(Lapse_data!BV:BV, Lapse_data!$A:$A, ">="&DATE($A12,1,1), Lapse_data!$A:$A, "<="&DATE($A12,12,31)) -> 0 | BW12: =SUMIFS(Lapse_data!BW:BW, Lapse_data!$A:$A, ">="&DATE($A12,1,1), Lapse_data!$A:$A, "<="&DATE($A12,12,31)) -> 0 | BX12: =SUMIFS(Lapse_data!BX:BX, Lapse_data!$A:$A, ">="&DATE($A12,1,1), Lapse_data!$A:$A, "<="&DATE($A12,12,31)) -> 0 | BY12: =SUMIFS(Lapse_data!BY:BY, Lapse_data!$A:$A, ">="&DATE($A12,1,1), Lapse_data!$A:$A, "<="&DATE($A12,12,31)) -> 0 | BZ12: =SUMIFS(Lapse_data!BZ:BZ, Lapse_data!$A:$A, ">="&DATE($A12,1,1), Lapse_data!$A:$A, "<="&DATE($A12,12,31)) -> 0 | CA12: =SUMIFS(Lapse_data!CA:CA, Lapse_data!$A:$A, ">="&DATE($A12,1,1), Lapse_data!$A:$A, "<="&DATE($A12,12,31)) -> 0 | CB12: =SUMIFS(Lapse_data!CB:CB, Lapse_data!$A:$A, ">="&DATE($A12,1,1), Lapse_data!$A:$A, "<="&DATE($A12,12,31)) -> 0 | CC12: =SUMIFS(Lapse_data!CC:CC, Lapse_data!$A:$A, ">="&DATE($A12,1,1), Lapse_data!$A:$A, "<="&DATE($A12,12,31)) -> 0 | CD12: =SUMIFS(Lapse_data!CD:CD, Lapse_data!$A:$A, ">="&DATE($A12,1,1), Lapse_data!$A:$A, "<="&DATE($A12,12,31)) -> 0 | CE12: =SUMIFS(Lapse_data!CE:CE, Lapse_data!$A:$A, ">="&DATE($A12,1,1), Lapse_data!$A:$A, "<="&DATE($A12,12,31)) -> 0 | CF12: =SUMIFS(Lapse_data!CF:CF, Lapse_data!$A:$A, ">="&DATE($A12,1,1), Lapse_data!$A:$A, "<="&DATE($A12,12,31)) -> 0 | CG12: =SUMIFS(Lapse_data!CG:CG, Lapse_data!$A:$A, ">="&DATE($A12,1,1), Lapse_data!$A:$A, "<="&DATE($A12,12,31)) -> 0 | CH12: =SUMIFS(Lapse_data!CH:CH, Lapse_data!$A:$A, ">="&DATE($A12,1,1), Lapse_data!$A:$A, "<="&DATE($A12,12,31)) -> 0 | CI12: =SUMIFS(Lapse_data!CI:CI, Lapse_data!$A:$A, ">="&DATE($A12,1,1), Lapse_data!$A:$A, "<="&DATE($A12,12,31)) -> 0 | CJ12: =SUMIFS(Lapse_data!CJ:CJ, Lapse_data!$A:$A, ">="&DATE($A12,1,1), Lapse_data!$A:$A, "<="&DATE($A12,12,31)) -> 0 | CK12: =SUMIFS(Lapse_data!CK:CK, Lapse_data!$A:$A, ">="&DATE($A12,1,1), Lapse_data!$A:$A, "<="&DATE($A12,12,31)) -> 0 | CL12: =SUMIFS(Lapse_data!CL:CL, Lapse_data!$A:$A, ">="&DATE($A12,1,1), Lapse_data!$A:$A, "<="&DATE($A12,12,31)) -> 0 | CM12: =SUMIFS(Lapse_data!CM:CM, Lapse_data!$A:$A, ">="&DATE($A12,1,1), Lapse_data!$A:$A, "<="&DATE($A12,12,31)) -> 0 | CN12: =SUMIFS(Lapse_data!CN:CN, Lapse_data!$A:$A, ">="&DATE($A12,1,1), Lapse_data!$A:$A, "<="&DATE($A12,12,31)) -> 0 | CO12: =SUMIFS(Lapse_data!CO:CO, Lapse_data!$A:$A, ">="&DATE($A12,1,1), Lapse_data!$A:$A, "<="&DATE($A12,12,31)) -> 0 | CP12: =SUMIFS(Lapse_data!CP:CP, Lapse_data!$A:$A, ">="&DATE($A12,1,1), Lapse_data!$A:$A, "<="&DATE($A12,12,31)) -> 0 | CQ12: =SUMIFS(Lapse_data!CQ:CQ, Lapse_data!$A:$A, ">="&DATE($A12,1,1), Lapse_data!$A:$A, "<="&DATE($A12,12,31)) -> 0 | CR12: =SUMIFS(Lapse_data!CR:CR, Lapse_data!$A:$A, ">="&DATE($A12,1,1), Lapse_data!$A:$A, "<="&DATE($A12,12,31)) -> 0 | CS12: =SUMIFS(Lapse_data!CS:CS, Lapse_data!$A:$A, ">="&DATE($A12,1,1), Lapse_data!$A:$A, "<="&DATE($A12,12,31)) -> 0 | CT12: =SUMIFS(Lapse_data!CT:CT, Lapse_data!$A:$A, ">="&DATE($A12,1,1), Lapse_data!$A:$A, "<="&DATE($A12,12,31)) -> 0 | CU12: =SUMIFS(Lapse_data!CU:CU, Lapse_data!$A:$A, ">="&DATE($A12,1,1), Lapse_data!$A:$A, "<="&DATE($A12,12,31)) -> 0 | CV12: =SUMIFS(Lapse_data!CV:CV, Lapse_data!$A:$A, ">="&DATE($A12,1,1), Lapse_data!$A:$A, "<="&DATE($A12,12,31)) -> 0 | CW12: =SUMIFS(Lapse_data!CW:CW, Lapse_data!$A:$A, ">="&DATE($A12,1,1), Lapse_data!$A:$A, "<="&DATE($A12,12,31)) -> 0 | CX12: =SUMIFS(Lapse_data!CX:CX, Lapse_data!$A:$A, ">="&DATE($A12,1,1), Lapse_data!$A:$A, "<="&DATE($A12,12,31)) -> 0 | CY12: =SUMIFS(Lapse_data!CY:CY, Lapse_data!$A:$A, ">="&DATE($A12,1,1), Lapse_data!$A:$A, "<="&DATE($A12,12,31)) -> 0 | CZ12: =SUMIFS(Lapse_data!CZ:CZ, Lapse_data!$A:$A, ">="&DATE($A12,1,1), Lapse_data!$A:$A, "<="&DATE($A12,12,31)) -> 0 | DA12: =SUMIFS(Lapse_data!DA:DA, Lapse_data!$A:$A, ">="&DATE($A12,1,1), Lapse_data!$A:$A, "<="&DATE($A12,12,31)) -> 0 | DB12: =SUMIFS(Lapse_data!DB:DB, Lapse_data!$A:$A, ">="&DATE($A12,1,1), Lapse_data!$A:$A, "<="&DATE($A12,12,31)) -> 0 | DC12: =SUMIFS(Lapse_data!DC:DC, Lapse_data!$A:$A, ">="&DATE($A12,1,1), Lapse_data!$A:$A, "<="&DATE($A12,12,31)) -> 0 | DD12: =SUMIFS(Lapse_data!DD:DD, Lapse_data!$A:$A, ">="&DATE($A12,1,1), Lapse_data!$A:$A, "<="&DATE($A12,12,31)) -> 0 | DE12: =SUMIFS(Lapse_data!DE:DE, Lapse_data!$A:$A, ">="&DATE($A12,1,1), Lapse_data!$A:$A, "<="&DATE($A12,12,31)) -> 0 | DF12: =SUMIFS(Lapse_data!DF:DF, Lapse_data!$A:$A, ">="&DATE($A12,1,1), Lapse_data!$A:$A, "<="&DATE($A12,12,31)) -> 0 | DG12: =SUMIFS(Lapse_data!DG:DG, Lapse_data!$A:$A, ">="&DATE($A12,1,1), Lapse_data!$A:$A, "<="&DATE($A12,12,31)) -> 0 | DH12: =SUMIFS(Lapse_data!DH:DH, Lapse_data!$A:$A, ">="&DATE($A12,1,1), Lapse_data!$A:$A, "<="&DATE($A12,12,31)) -> 0 | DI12: =SUMIFS(Lapse_data!DI:DI, Lapse_data!$A:$A, ">="&DATE($A12,1,1), Lapse_data!$A:$A, "<="&DATE($A12,12,31)) -> 0 | DJ12: =SUMIFS(Lapse_data!DJ:DJ, Lapse_data!$A:$A, ">="&DATE($A12,1,1), Lapse_data!$A:$A, "<="&DATE($A12,12,31)) -> 0 | DK12: =SUMIFS(Lapse_data!DK:DK, Lapse_data!$A:$A, ">="&DATE($A12,1,1), Lapse_data!$A:$A, "<="&DATE($A12,12,31)) -> 0 | DL12: =SUMIFS(Lapse_data!DL:DL, Lapse_data!$A:$A, ">="&DATE($A12,1,1), Lapse_data!$A:$A, "<="&DATE($A12,12,31)) -> 0 | DM12: =SUMIFS(Lapse_data!DM:DM, Lapse_data!$A:$A, ">="&DATE($A12,1,1), Lapse_data!$A:$A, "<="&DATE($A12,12,31)) -> 0 | DN12: =SUMIFS(Lapse_data!DN:DN, Lapse_data!$A:$A, ">="&DATE($A12,1,1), Lapse_data!$A:$A, "<="&DATE($A12,12,31)) -> 0 | DO12: =SUMIFS(Lapse_data!DO:DO, Lapse_data!$A:$A, ">="&DATE($A12,1,1), Lapse_data!$A:$A, "<="&DATE($A12,12,31)) -> 0 | DP12: =SUMIFS(Lapse_data!DP:DP, Lapse_data!$A:$A, ">="&DATE($A12,1,1), Lapse_data!$A:$A, "<="&DATE($A12,12,31)) -> 0 | DQ12: =SUMIFS(Lapse_data!DQ:DQ, Lapse_data!$A:$A, ">="&DATE($A12,1,1), Lapse_data!$A:$A, "<="&DATE($A12,12,31)) -> 0
